Frame,Class,Confidence,X1,Y1,X2,Y2,OCR,Arabic-OCR
2216,0,0.2508886,713.1079,315.58746,861.50146,368.77362,ＧＧ,Ｇ Ｇ
2217,0,0.53505427,728.52637,317.0569,866.47314,368.74182,２１,２ １
2218,0,0.5458744,728.9966,333.83063,864.7151,392.10602,ＭＩＵＰＡＩ,Ｍ Ｉ Ｕ Ｐ Ａ Ｉ
2218,0,0.44977,0.5677948,357.26767,36.17598,387.83713,"I'm sorry, but I'm unable to see or read any text from the image provided as it is completely blurred and indistinguishable. If you have a different image or need assistance with something else, feel free to ask!","I ' m   s o r r y ,   b u t   I ' m   u n a b l e   t o   s e e   o r   r e a d   a n y   t e x t   f r o m   t h e   i m a g e   p r o v i d e d   a s   i t   i s   c o m p l e t e l y   b l u r r e d   a n d   i n d i s t i n g u i s h a b l e .   I f   y o u   h a v e   a   d i f f e r e n t   i m a g e   o r   n e e d   a s s i s t a n c e   w i t h   s o m e t h i n g   e l s e ,   f e e l   f r e e   t o   a s k !"
2219,0,0.6675789,725.1859,356.6775,858.21326,415.08203,ＨＯＴＥＬ,Ｈ Ｏ Ｔ Ｅ Ｌ
2219,0,0.27596468,0.56077576,372.5948,34.139633,404.25543,"I'm sorry, but I can't provide a transcription as the image is too blurry to make out any text.","I ' m   s o r r y ,   b u t   I   c a n ' t   p r o v i d e   a   t r a n s c r i p t i o n   a s   t h e   i m a g e   i s   t o o   b l u r r y   t o   m a k e   o u t   a n y   t e x t ."
2220,0,0.58285695,724.9922,372.05756,855.9957,422.01202,１３１９８５２８,１ ３ １ ９ ８ ５ ２ ８
2221,0,0.5996523,732.2611,371.3021,861.5718,421.3434,２０１７－２８,２ ０ １ ７ － ２ ８
2222,0,0.5767664,739.8959,365.92874,870.296,412.44186,８８８,８ ８ ８
2223,0,0.59047437,744.84753,365.51733,874.03186,411.94275,１５８７０９８,１ ５ ８ ７ ０ ９ ８
2223,0,0.36599424,42.040504,386.21295,87.714806,412.38434,#,#
2224,0,0.5437329,740.5177,366.25354,870.2013,411.9596,１００２３２８,１ ０ ０ ２ ３ ２ ８
2225,0,0.4373156,737.78015,371.52356,868.14905,417.6731,EXIT,ع ص I ط
2226,0,0.38295013,737.5503,379.643,866.82544,427.5807,１３７６８５２８８,１ ３ ７ ６ ８ ５ ２ ８ ８
2226,0,0.31640267,54.790726,402.0218,98.82858,428.0633,#,#
2227,0,0.4367574,738.42487,382.44855,868.111,427.2021,８８１５９２６,８ ８ １ ５ ９ ２ ６
2227,0,0.39717802,62.034744,403.80157,109.37265,427.732,#,#
2228,0,0.5175061,740.245,383.99603,864.5885,427.9364,2611-0010,٢ ٦ ١ ١ - ٠ ٠ ١ ٠
2229,0,0.5639986,737.7488,387.35825,864.27783,434.96487,65101020,٦ ٥ ١ ٠ ١ ٠ ٢ ٠
2230,0,0.543744,738.65283,390.33502,863.03345,438.78522,＃＃＃,＃ ＃ ＃
2230,0,0.29408202,83.57597,406.56116,124.56276,430.43646,#,#
2231,0,0.40609097,732.9564,397.66034,858.16174,442.78015,７６７－８２８,７ ６ ７ － ８ ２ ８
2232,0,0.5491873,731.6581,404.01984,850.4381,446.8493,７３１５２８,７ ３ １ ５ ２ ８
2233,0,0.54761577,735.1454,402.7378,849.5895,443.31897,７５７０１２２４,７ ５ ７ ０ １ ２ ２ ４
2234,0,0.52907926,735.37463,397.80414,855.3972,442.04425,７５１３７００４,７ ５ １ ３ ７ ０ ０ ４
2235,0,0.55358845,738.48535,397.4161,858.30554,441.06064,７６７１５５５８,７ ６ ７ １ ５ ５ ５ ８
2235,0,0.34940514,108.88226,406.97018,148.38306,431.01376,#,#
2236,0,0.61981744,739.4845,399.88654,858.17615,442.3869,７５１８５５１９,７ ５ １ ８ ５ ５ １ ９
2236,0,0.26834652,240.4707,421.76874,301.8667,456.56268,７０８１４３５,７ ０ ８ １ ４ ３ ５
2237,0,0.60508144,741.5469,401.93085,857.7168,443.5916,７５１４３２７６,７ ５ １ ４ ３ ２ ７ ６
2238,0,0.6269184,742.2431,401.5491,857.7254,442.8807,７５１４３５９６,７ ５ １ ４ ３ ５ ９ ６
2239,0,0.6541296,741.7655,403.0694,858.0183,444.18756,７５７８ＤＤＡ４,７ ５ ７ ８ Ｄ Ｄ Ａ ４
2240,0,0.6770246,740.7523,405.7118,857.3092,451.20093,９７１４５５５５６,９ ７ １ ４ ５ ５ ５ ５ ６
2240,0,0.3707403,260.6964,428.92218,306.45898,463.05853,７－６－２５７０１１８６３,７ － ６ － ２ ５ ７ ０ １ １ ８ ６ ３
2241,0,0.6375188,741.25824,409.60834,853.142,451.48578,７７８００４,７ ７ ８ ０ ０ ４
2242,0,0.6399734,737.8986,412.27402,850.84784,453.97195,１３７８５５２６０８０,１ ３ ７ ８ ５ ５ ２ ６ ０ ８ ０
2242,0,0.2726154,261.88046,432.14856,304.04343,467.0287,1.0,١ . ٠
2243,0,0.6022827,737.22534,412.44836,849.9834,456.0609,７５７８ＤＤＡ,７ ５ ７ ８ Ｄ Ｄ Ａ
2244,0,0.6334935,739.0897,410.82843,846.6963,450.89325,７３１２５５不,７ ３ １ ２ ５ ５ 不
2244,0,0.27264348,251.36241,431.74228,302.9265,460.83682,２０１８年３月,２ ０ １ ８ 年 ３ 月
2245,0,0.5637439,736.34314,404.6771,851.11365,447.32986,７３１４５３５６０４,７ ３ １ ４ ５ ３ ５ ６ ０ ４
2246,0,0.607858,741.6162,401.36057,852.5841,441.65652,１３１４５３５６０４８,１ ３ １ ４ ５ ３ ５ ６ ０ ４ ８
2247,0,0.6020184,742.44385,404.97278,851.8423,443.5547,７５７８００,７ ５ ７ ８ ０ ０
2248,0,0.6074494,738.9855,410.59906,849.1837,453.17902,１３１４５２３５６４１,１ ３ １ ４ ５ ２ ３ ５ ６ ４ １
2249,0,0.646669,739.06165,419.3474,846.6493,460.36798,１３１４２８２９,１ ３ １ ４ ２ ８ ２ ９
2250,0,0.6573475,737.2716,423.19812,846.9398,467.98016,７５１５２３９２,７ ５ １ ５ ２ ３ ９ ２
2250,0,0.28435257,0.1880188,513.84875,44.637047,609.7186,#,#
2250,0,0.26706335,263.75006,444.9823,313.62665,476.9347,ＵＲＡＮＩＥＳ,Ｕ Ｒ Ａ Ｎ Ｉ Ｅ Ｓ
2251,0,0.58572614,737.478,427.24316,845.4553,469.6855,８７３４５２２９８,８ ７ ３ ４ ５ ２ ２ ９ ８
2252,0,0.5648077,732.8247,423.1037,839.31494,463.32855,76/77/78/79,٧ ٦ / ٧ ٧ / ٧ ٨ / ٧ ٩
2253,0,0.5865372,728.958,430.56168,833.90515,470.33255,１３４５９２８７０４８,１ ３ ４ ５ ９ ２ ８ ７ ０ ４ ８
2254,0,0.6532382,724.39575,430.79736,828.5928,472.31177,１３４５９２１９,１ ３ ４ ５ ９ ２ １ ９
2254,0,0.2921505,250.12961,449.10043,294.73672,480.67117,!,!
2255,0,0.6148076,723.95026,430.08768,828.6746,471.36295,８９７６８２９,８ ９ ７ ６ ８ ２ ９
2256,0,0.67543894,727.3297,424.09265,827.3534,465.43567,１３８４５２８２９８,１ ３ ８ ４ ５ ２ ８ ２ ９ ８
2256,0,0.29041827,253.97766,445.2785,303.06952,475.21918,***,* * *
2257,0,0.6615638,729.87964,420.1624,828.5963,456.40033,１３８４２８２９,１ ３ ８ ４ ２ ８ ２ ９
2257,0,0.25646994,251.56294,437.5979,303.5323,467.27893,￥￥￥,￥ ￥ ￥
2258,0,0.5944694,729.249,416.5197,828.5657,454.13983,15137728288,١ ٥ ١ ٣ ٧ ٧ ٢ ٨ ٢ ٨ ٨
2258,0,0.36825567,257.88074,440.1018,306.6048,470.77612,YEAH,Y ع ا هـ
2259,0,0.55578303,727.10626,407.60052,828.06744,446.75403,15526688299,١ ٥ ٥ ٢ ٦ ٦ ٨ ٨ ٢ ٩ ٩
2261,0,0.58418685,721.81165,375.9455,823.2677,413.79962,１３９５８２２２,１ ３ ９ ５ ８ ２ ２ ２
2262,0,0.5183843,711.4115,388.80072,812.1206,423.85834,３８－８,３ ８ － ８
2263,0,0.6697157,710.2732,397.346,804.5112,433.29388,电话：１３８００８２８８,电 话 ： １ ３ ８ ０ ０ ８ ２ ８ ８
2264,0,0.6506572,713.47534,394.2156,807.2611,429.45114,８３１７２３,８ ３ １ ７ ２ ３
2265,0,0.5793295,712.7251,389.29248,808.6649,423.47778,＃＃＃,＃ ＃ ＃
2266,0,0.55745053,712.87646,384.5996,809.5823,421.87415,628,٦ ٢ ٨
2267,0,0.6354642,714.91943,389.4227,804.7158,424.75418,１３８１２８２９８７,１ ３ ８ １ ２ ８ ２ ９ ８ ７
2268,0,0.6126021,711.00964,383.65662,803.1671,420.29333,１３８９５２６１,１ ３ ８ ９ ５ ２ ６ １
2269,0,0.55772346,709.645,374.64713,803.81934,412.44168,电话：８２３２８９,电 话 ： ８ ２ ３ ２ ８ ９
2270,0,0.4496664,711.35754,372.46912,804.16003,409.59686,电话：１３７９６２８２９８,电 话 ： １ ３ ７ ９ ６ ２ ８ ２ ９ ８
2271,0,0.342888,710.3933,373.93793,803.8917,410.2929,１３７２８２,１ ３ ７ ２ ８ ２
2272,0,0.322511,709.70325,371.74774,801.20715,408.7813,１３３２８２,１ ３ ３ ２ ８ ２
2274,0,0.25300366,711.23926,366.6626,800.24536,402.24683,１３０２８２８,１ ３ ０ ２ ８ ２ ８
2276,0,0.29295826,244.78757,415.0249,291.0477,448.70032,ＧＥＴ,Ｇ Ｅ Ｔ
2276,0,0.26220596,710.23114,366.26706,798.7017,402.35947,１５８９２３,１ ５ ８ ９ ２ ３
2277,0,0.29260516,709.89435,363.4272,797.8919,400.54083,电话：８５１２３０３２,电 话 ： ８ ５ １ ２ ３ ０ ３ ２
2278,0,0.3557332,247.4477,416.72046,295.91162,454.76215,ＨＯＴＥＬＲＥＳＥＲＶＡＴＩＯＮ,Ｈ Ｏ Ｔ Ｅ Ｌ Ｒ Ｅ Ｓ Ｅ Ｒ Ｖ Ａ Ｔ Ｉ Ｏ Ｎ
2279,0,0.34511626,713.5128,369.03693,796.92224,406.32098,电话：８５２８３,电 话 ： ８ ５ ２ ８ ３
2279,0,0.2768271,245.83466,422.0677,293.73016,454.4483,８２１４５５,８ ２ １ ４ ５ ５
2280,0,0.34862995,243.18045,422.05527,290.86868,452.7061,２０８１年,２ ０ ８ １ 年
2281,0,0.34623373,705.53467,369.32983,789.52026,405.3346,１３７８３２９８,１ ３ ７ ８ ３ ２ ９ ８
2281,0,0.29506168,232.84181,420.0083,285.91736,453.5332,２０８１７１４３０,２ ０ ８ １ ７ １ ４ ３ ０
2282,0,0.35446844,240.00632,424.49738,286.24704,457.15802,２０９１６３５２,２ ０ ９ １ ６ ３ ５ ２
2283,0,0.35264903,696.93207,376.50122,786.27264,412.4734,上海银行,上 海 银 行
2284,0,0.58376515,698.4348,382.19128,781.44214,417.3861,加盟热线：,加 盟 热 线 ：
2284,0,0.35271743,225.86609,438.2969,281.16995,471.5831,７０８１１８５２,７ ０ ８ １ １ ８ ５ ２
2285,0,0.5439754,698.3744,384.2882,780.0128,416.37646,ＢＡＳＥBALL,Ｂ Ａ Ｓ Ｅ ب ا ل ل
2286,0,0.2573811,694.07074,385.70538,777.7708,420.85577,电话：８００－８００－８８８,电 话 ： ８ ０ ０ － ８ ０ ０ － ８ ８ ８
2288,0,0.39576048,689.23145,384.377,770.0835,417.6267,８９９２５２５８９,８ ９ ９ ２ ５ ２ ５ ８ ９
2288,0,0.32819733,223.66412,445.5664,270.4914,477.99896,７８１２５,７ ８ １ ２ ５
2297,0,0.282173,678.6909,323.18375,760.3352,361.36972,１２３５２８６９,１ ２ ３ ５ ２ ８ ６ ９
2300,0,0.2507627,662.693,344.91345,743.942,380.00195,８５３８１９８,８ ５ ３ ８ １ ９ ８
2302,0,0.25420925,650.1937,350.67755,728.23193,382.82648,服务热线：,服 务 热 线 ：
2303,0,0.31815353,648.43616,419.10437,716.95374,447.91254,#,#
2307,0,0.38155282,692.5022,351.8402,768.629,383.5442,电话：２３８,电 话 ： ２ ３ ８
2309,0,0.3068213,710.2661,355.02576,784.4723,386.5708,ＨＯＴＥＬ,Ｈ Ｏ Ｔ Ｅ Ｌ
2310,0,0.39122102,713.0608,360.67334,787.1406,394.65253,ＨＯＴＥＬ,Ｈ Ｏ Ｔ Ｅ Ｌ
2310,0,0.283781,244.80402,420.7036,303.3838,456.7798,7081.2,٧ ٠ ٨ ١ . ٢
2312,0,0.34032917,705.03613,370.71698,778.5066,399.53906,２８８９７１２,２ ８ ８ ９ ７ １ ２
2314,0,0.3820532,256.85242,444.79028,310.4168,478.08264,加盟热线：,加 盟 热 线 ：
2314,0,0.3156097,706.8059,441.92798,777.21313,470.32068,#,#
2315,0,0.5142848,110.38106,635.3623,183.67744,720.0,#,#
2316,0,0.26711383,714.71625,385.7638,783.60187,415.89673,电话：027-87907282,电 话 ： ٠ ٢ ٧ - ٨ ٧ ٩ ٠ ٧ ٢ ٨ ٢
2320,0,0.42305854,248.99448,469.57654,303.48923,504.17554,７０８１５３,７ ０ ８ １ ５ ３
2320,0,0.2642458,715.69556,400.64545,789.00464,428.7887,１３７８２６２,１ ３ ７ ８ ２ ６ ２
2322,0,0.46524915,709.8845,407.0163,781.4302,439.73724,中国福利彩票,中 国 福 利 彩 票
2322,0,0.37661168,247.3287,478.44263,295.20224,509.40222,２０８１２５,２ ０ ８ １ ２ ５
2323,0,0.28282106,242.28304,477.7094,293.9339,512.05035,７０８１４６,７ ０ ８ １ ４ ６
2323,0,0.26737064,710.9371,410.05902,780.5451,440.6291,１２３４５６７８９０,１ ２ ３ ４ ５ ６ ７ ８ ９ ０
2324,0,0.44355378,707.89825,408.19577,780.49884,439.9396,#,#
2324,0,0.3478779,237.24678,477.32733,292.0074,510.2082,７０８１４６,７ ０ ８ １ ４ ６
2325,0,0.32010946,707.16016,410.30212,776.6598,440.90698,８８８２８７,８ ８ ８ ２ ８ ７
2326,0,0.41117668,717.1031,487.91742,748.38995,515.2536,#,#
2327,0,0.56315345,674.94775,505.4325,735.2035,532.9542,#,#
2328,0,0.35432604,208.93909,521.6522,258.17816,552.0338,70618,٧ ٠ ٦ ١ ٨
2328,0,0.2778321,680.16956,443.54437,751.7772,474.6123,请将您的姓名,请 将 您 的 姓 名
2329,0,0.47923926,209.38638,519.5898,263.32315,552.63776,7081.45,٧ ٠ ٨ ١ . ٤ ٥
2329,0,0.44742587,674.2859,502.0733,736.58594,530.87555,#,#
2329,0,0.30193448,689.97815,441.44897,752.52856,468.07666,上海银行,上 海 银 行
2330,0,0.43889508,690.6842,434.03015,759.30554,462.33203,电话：８８８６３７８,电 话 ： ８ ８ ８ ６ ３ ７ ８
2331,0,0.50925815,690.45337,427.45358,760.5864,457.7142,６１２３３８,６ １ ２ ３ ３ ８
2332,0,0.40556785,688.3161,424.58923,759.33844,454.6892,６１２８１７８,６ １ ２ ８ １ ７ ８
2333,0,0.3092394,217.04892,508.9419,268.38168,543.40857,７－Ａ－１５２８,７ － Ａ － １ ５ ２ ８
2333,0,0.30141917,680.50195,487.39282,740.5752,515.0029,#,#
2333,0,0.2624983,687.8215,425.2378,756.8659,455.45374,８８８２３７６８,８ ８ ８ ２ ３ ７ ６ ８
2334,0,0.48118433,687.4691,428.44592,755.0863,460.062,电话：１３７３６２３８２９,电 话 ： １ ３ ７ ３ ６ ２ ３ ８ ２ ９
2334,0,0.37069,218.8447,512.25653,269.08606,552.5341,７－Ａ１５２９５７０８１４６３,７ － Ａ １ ５ ２ ９ ５ ７ ０ ８ １ ４ ６ ３
2335,0,0.44922107,675.0125,491.70544,737.1269,518.5901,#,#
2335,0,0.3107285,686.3576,430.64984,750.842,458.47516,ＨＩＧＨＩＯＵ,Ｈ Ｉ Ｇ Ｈ Ｉ Ｏ Ｕ
2335,0,0.28661382,214.64258,510.71338,269.80957,548.6526,７０８１４６５,７ ０ ８ １ ４ ６ ５
2336,0,0.43884766,675.23944,491.9005,737.1032,518.621,#,#
2337,0,0.33365035,214.09262,510.18756,261.98114,549.7753,7081463,٧ ٠ ٨ ١ ٤ ٦ ٣
2337,0,0.27524272,683.0309,430.8606,750.57556,460.68274,７７７７７７,７ ７ ７ ７ ７ ７
2338,0,0.39933917,209.26566,509.49396,264.44394,546.1026,７０８１４６５,７ ０ ８ １ ４ ６ ５
2338,0,0.35912156,682.6246,429.47852,749.1445,457.87988,ＨＡＩＲ,Ｈ Ａ Ｉ Ｒ
2339,0,0.40427086,678.8373,489.57318,732.9912,517.19904,#,#
2339,0,0.39511228,209.82578,509.27063,259.3712,543.578,7081465,٧ ٠ ٨ ١ ٤ ٦ ٥
2340,0,0.4674861,679.3225,425.65982,746.78687,456.42532,１２２３,１ ２ ２ ３
2340,0,0.41604206,203.05002,509.1189,257.81842,542.7291,７０８１４６３,７ ０ ８ １ ４ ６ ３
2341,0,0.43299198,202.77295,510.14258,257.7682,551.19434,７０８１４６３,７ ０ ８ １ ４ ６ ３
2341,0,0.2985399,676.9915,429.32474,745.7674,456.9811,ＨＯＴＥＬ,Ｈ Ｏ Ｔ Ｅ Ｌ
2342,0,0.3780796,204.61646,510.99915,260.0826,555.44165,7081AGJ,٧ ٠ ٨ ١ ا ق ح
2343,0,0.51557493,197.77347,514.08075,260.09683,554.6938,７０８１ＡＣ）,７ ０ ８ １ Ａ Ｃ ）
2343,0,0.31519198,674.0869,419.68774,744.64795,453.5443,ＨＯＴＥＬ,Ｈ Ｏ Ｔ Ｅ Ｌ
2344,0,0.5327506,193.87894,515.9685,250.98184,552.5016,７－８－１３－２５７０８１４６３,７ － ８ － １ ３ － ２ ５ ７ ０ ８ １ ４ ６ ３
2344,0,0.3722997,669.84247,419.21014,740.3172,454.0484,ＳＴＯＲＥ,Ｓ Ｔ Ｏ Ｒ Ｅ
2345,0,0.4987161,181.99751,514.35,245.19405,552.59033,７０８１４６３,７ ０ ８ １ ４ ６ ３
2346,0,0.53294003,187.68895,511.2157,242.73528,551.0255,７０８１４６３,７ ０ ８ １ ４ ６ ３
2347,0,0.31591606,670.5646,479.41177,706.0265,503.49963,#,#
2351,0,0.3694106,166.10059,504.53613,225.65292,541.39197,7081AC,٧ ٠ ٨ ١ ا C
2352,0,0.4468961,170.67973,506.552,226.89742,542.4656,7081,٧ ٠ ٨ ١
2353,0,0.5136456,176.2599,508.59845,228.82185,542.8504,7081 4003,٧ ٠ ٨ ١   ٤ ٠ ٠ ٣
2353,0,0.37738156,664.6054,469.88422,705.0424,497.2002,#,#
2354,0,0.29771307,174.54388,507.93384,227.23254,544.4302,７０８１４６３,７ ０ ８ １ ４ ６ ３
2355,0,0.30687168,165.51656,507.8219,223.90111,550.63855,7081,٧ ٠ ٨ ١
2356,0,0.25371644,646.8528,409.74316,716.0237,441.98523,８８８２５１３,８ ８ ８ ２ ５ １ ３
2358,0,0.54399997,151.89474,508.6975,211.52982,550.5045,７０８１７９２３,７ ０ ８ １ ７ ９ ２ ３
2359,0,0.54338795,147.08807,507.44116,198.8396,544.4127,7081AC,٧ ٠ ٨ ١ ا C
2359,0,0.2984592,137.74646,502.88672,204.51306,551.4033,7081 AG,٧ ٠ ٨ ١   ا ق
2359,0,0.2593194,645.372,470.2677,684.3942,496.3534,#,#
2360,0,0.4100561,148.14175,505.3933,196.95645,541.8008,7081 63,٧ ٠ ٨ ١   ٦ ٣
2360,0,0.40540528,648.9844,465.69696,686.0867,495.52905,#,#
2361,0,0.48544675,144.94061,505.67102,202.49915,545.1427,７０８１６３,７ ０ ８ １ ６ ３
2362,0,0.55360687,145.63126,504.3449,202.26096,543.13275,Ｙ－ＡＮＴＥＣＧ７０８１ＡＣＪ,Ｙ － Ａ Ｎ Ｔ Ｅ Ｃ Ｇ ７ ０ ８ １ Ａ Ｃ Ｊ
2363,0,0.5433357,142.49533,500.9679,199.45044,540.463,７０８１６９,７ ０ ８ １ ６ ９
2364,0,0.63041764,136.10135,507.41675,196.81058,546.0862,Ｙ－ＡＮＩＦＥ７０８１ＡＣＪ,Ｙ － Ａ Ｎ Ｉ Ｆ Ｅ ７ ０ ８ １ Ａ Ｃ Ｊ
2365,0,0.5294703,136.6564,506.4784,196.43466,548.3385,７０８１６３,７ ０ ８ １ ６ ３
2366,0,0.5013068,146.4191,507.7948,198.51535,543.6366,7081ACJ,٧ ٠ ٨ ١ ا C ح
2367,0,0.2647794,144.55063,504.03284,208.5989,545.7367,７０８１８６３,７ ０ ８ １ ８ ６ ３
2368,0,0.49886608,153.73459,504.12488,207.3902,541.96106,Y·A) 7081 ACG,Y · ا )   ٧ ٠ ٨ ١   ا C ق
2369,0,0.5172075,153.17404,502.69373,208.1138,541.81165,Y·A）7081A6J,Y · ا ） ٧ ٠ ٨ ١ ا ٦ ح
2370,0,0.61153626,144.90536,499.71283,207.31558,540.3934,７０８１６６３,７ ０ ８ １ ６ ６ ３
2371,0,0.47090197,143.6614,497.6637,204.96512,541.4332,7081AGJ,٧ ٠ ٨ ١ ا ق ح
2371,0,0.29722366,642.191,400.4994,710.1645,429.56885,６５０２７８,６ ５ ０ ２ ７ ８
2372,0,0.43378684,145.84131,500.8849,199.7445,538.6815,７０８１６３,７ ０ ８ １ ６ ３
2372,0,0.36418682,134.13371,497.59467,202.94466,542.3421,７０８１６３,７ ０ ８ １ ６ ３
2373,0,0.55062157,141.17336,503.3811,199.48927,541.9176,７０８１ＡＧＪ,７ ０ ８ １ Ａ Ｇ Ｊ
2374,0,0.5398919,138.58481,502.42004,191.4484,540.7953,７０８１６９,７ ０ ８ １ ６ ９
2375,0,0.49078596,132.93466,504.3333,187.60574,542.9284,７０８１４６３,７ ０ ８ １ ４ ６ ３
2375,0,0.26821753,127.3158,501.135,193.28503,549.2632,Y·A)7081(3),Y · ا ) ٧ ٠ ٨ ١ ( ٣ )
2376,0,0.45378894,137.38153,504.7671,188.35895,540.5647,08118,٠ ٨ ١ ١ ٨
2377,0,0.48630366,124.79718,502.29346,183.90164,541.64197,７０８１６６,７ ０ ８ １ ６ ６
2377,0,0.27737194,632.55084,401.31262,704.28705,434.76422,５４７１８９,５ ４ ７ １ ８ ９
2378,0,0.49248493,122.503975,501.30444,183.14099,540.69165,７０８１８６７,７ ０ ８ １ ８ ６ ７
2379,0,0.49578008,121.971924,499.11658,186.21399,542.69617,７０８１４６３,７ ０ ８ １ ４ ６ ３
2379,0,0.32003766,634.70557,400.02197,705.2339,431.706,６００２１２３,６ ０ ０ ２ １ ２ ３
2380,0,0.554388,122.95659,498.63336,183.84648,538.5136,７０８１ＡＧＪ,７ ０ ８ １ Ａ Ｇ Ｊ
2381,0,0.52553385,120.59715,495.70142,180.08455,537.35425,７０８１ＡＧＪ,７ ０ ８ １ Ａ Ｇ Ｊ
2382,0,0.5064851,121.2809,492.60242,180.56029,536.1571,Y·X·L·C 7081AGJ,Y · ص · ل · C   ٧ ٠ ٨ ١ ا ق ح
2382,0,0.30699056,634.96875,396.87366,705.20056,427.99744,ＨＡＩＥＳＴＥＥ,Ｈ Ａ Ｉ Ｅ Ｓ Ｔ Ｅ Ｅ
2383,0,0.5049313,121.33932,492.6128,180.55136,536.1615,Y·X·T·D 7081AGJ,Y · ص · ط · د   ٧ ٠ ٨ ١ ا ق ح
2383,0,0.3133895,634.95166,396.85303,705.2141,427.9898,ＨＡＩＥＳＴＥＬ,Ｈ Ａ Ｉ Ｅ Ｓ Ｔ Ｅ Ｌ
2384,0,0.42532498,120.71169,490.8463,184.56058,532.8862,７０８１６３,７ ０ ８ １ ６ ３
2384,0,0.2819098,633.5239,394.36682,707.145,426.3072,ＨＡＮＤＥＲ,Ｈ Ａ Ｎ Ｄ Ｅ Ｒ
2385,0,0.40901864,116.97217,489.08484,183.79166,531.4386,７０８１３６３,７ ０ ８ １ ３ ６ ３
2385,0,0.2999543,99.5913,487.24713,185.95337,535.8809,Y·A·I·S·C 7081 A G J,Y · ا · I · س · C   ٧ ٠ ٨ ١   ا   ق   ح
2386,0,0.38804784,114.290306,486.32056,181.73178,529.291,Ｙ－Ａ１３５２７０８１６９Ｊ,Ｙ － Ａ １ ３ ５ ２ ７ ０ ８ １ ６ ９ Ｊ
2386,0,0.3544584,635.94293,387.495,708.5999,422.18127,ＥＩＵＥＩＥＮ,Ｅ Ｉ Ｕ Ｅ Ｉ Ｅ Ｎ
2386,0,0.2787886,65.81847,483.65015,185.06258,534.8456,7081 AGJ,٧ ٠ ٨ ١   ا ق ح
2387,0,0.43964538,113.38528,484.87186,173.48355,529.0786,7081,٧ ٠ ٨ ١
2387,0,0.37409374,632.91394,388.32306,704.99646,422.2342,ＥＨＬＰＳ３７０,Ｅ Ｈ Ｌ Ｐ Ｓ ３ ７ ０
2388,0,0.4073673,631.89075,387.4801,705.1825,422.5935,８００８,８ ０ ０ ８
2388,0,0.35873404,106.15552,483.7959,174.67279,530.4098,Y·X·IOSE 7081 A65,Y · ص · I O س ع   ٧ ٠ ٨ ١   ا ٦ ٥
2388,0,0.3394146,40.336456,481.01535,179.5148,533.74976,7081AGJ,٧ ٠ ٨ ١ ا ق ح
2388,0,0.27406326,86.68539,481.0548,180.51968,535.74146,7081 6GJ,٧ ٠ ٨ ١   ٦ ق ح
2389,0,0.4077912,69.6745,481.31677,173.77234,530.16406,7081 AGJ,٧ ٠ ٨ ١   ا ق ح
2389,0,0.39776182,106.69999,483.44727,166.79056,526.5228,７０８１２６３,７ ０ ８ １ ２ ６ ３
2390,0,0.35591877,26.39827,479.46927,168.92918,528.7776,7081 AGJ,٧ ٠ ٨ ١   ا ق ح
2390,0,0.32108465,102.66538,482.9192,164.09683,527.45166,7081ACJ,٧ ٠ ٨ ١ ا C ح
2391,0,0.39207628,89.97453,480.63898,169.89558,525.28156,７０８１２６３,７ ０ ８ １ ２ ６ ３
2391,0,0.3356048,631.1598,386.79797,702.67737,419.55017,ＥＮＴＥＲＥＳ,Ｅ Ｎ Ｔ Ｅ Ｒ Ｅ Ｓ
2392,0,0.42938587,631.23425,385.8506,704.4154,418.33887,＃＃＃,＃ ＃ ＃
2392,0,0.40836963,61.889557,477.6881,170.99467,525.8113,7081AGJ,٧ ٠ ٨ ١ ا ق ح
2392,0,0.3169802,107.79036,478.19647,164.92113,523.94244,7081ACB,٧ ٠ ٨ ١ ا C ب
2393,0,0.42902258,62.56146,471.9279,168.55185,525.55896,Y·A·T·J·E 7081 A G,Y · ا · ط · ح · ع   ٧ ٠ ٨ ١   ا   ق
2393,0,0.3970787,633.5672,383.42456,708.22003,415.50256,**********,* * * * * * * * * *
2393,0,0.38838103,107.051544,473.09576,164.61148,522.9655,7081 AG,٧ ٠ ٨ ١   ا ق
2394,0,0.5455964,636.6408,378.8343,711.8199,411.72278,ＳＵＰＥＲ,Ｓ Ｕ Ｐ Ｅ Ｒ
2394,0,0.46023205,19.062302,467.90118,171.58981,520.11127,Y·XJUE 7081AGJ,Y · ص ح و ع   ٧ ٠ ٨ ١ ا ق ح
2394,0,0.44238618,108.41994,469.65894,165.48875,515.51416,７０８１２６３,７ ０ ８ １ ２ ６ ３
2394,0,0.34891546,83.121155,467.58212,166.66566,516.4547,７０８１ＡＧ３,７ ０ ８ １ Ａ Ｇ ３
2395,0,0.5072193,107.31398,468.23242,169.9056,511.31677,７０８１ＡＧＪ,７ ０ ８ １ Ａ Ｇ Ｊ
2395,0,0.39833784,637.1544,376.16675,714.7262,410.3703,BAKERY,ب ا ك ع ر Y
2396,0,0.5036151,107.35229,467.2102,169.4176,508.19727,Ｙ－ＡＮ－１２５３７０８１ＡＧＪ,Ｙ － Ａ Ｎ － １ ２ ５ ３ ７ ０ ８ １ Ａ Ｇ Ｊ
2396,0,0.47836795,637.9536,376.21698,715.18286,410.00128,ILFOGRAFIA,I ل F O ق ر ا F I ا
2397,0,0.45278803,641.5419,376.33185,717.12463,409.20624,**********,* * * * * * * * * *
2397,0,0.34789348,98.87448,460.19226,172.69214,506.96954,Y·AⅠⅡE 7081 ACJ,Y · ا Ⅰ Ⅱ ع   ٧ ٠ ٨ ١   ا C ح
2398,0,0.5443269,643.33374,376.9809,719.3003,409.39862,ＨＯＴＥＬ,Ｈ Ｏ Ｔ Ｅ Ｌ
2398,0,0.4095141,100.22223,459.6012,172.72464,504.69592,７０８１ＡＧＪ,７ ０ ８ １ Ａ Ｇ Ｊ
2399,0,0.4618003,648.2428,376.50635,722.85754,408.27063,８００３２８,８ ０ ０ ３ ２ ８
2399,0,0.44452423,106.09397,454.39752,172.53622,501.15045,７０８１ＡＧ３,７ ０ ８ １ Ａ Ｇ ３
2399,0,0.3015032,81.44614,452.99115,176.30063,506.52222,7081 6CJ,٧ ٠ ٨ ١   ٦ C ح
2399,0,0.29392254,21.74562,450.80396,182.25783,511.198,Y·A11 JC 7081 AGJ,Y · ا ١ ١   ح C   ٧ ٠ ٨ ١   ا ق ح
2400,0,0.5894083,649.77,375.47815,729.15283,410.58264,ＨＩＧＨＴＥＥＮ,Ｈ Ｉ Ｇ Ｈ Ｔ Ｅ Ｅ Ｎ
2400,0,0.4944136,114.02539,455.11792,176.54532,497.73462,Y·X1·15 7081ACJ,Y · ص ١ · ١ ٥   ٧ ٠ ٨ ١ ا C ح
2400,0,0.25225282,38.630722,449.88055,183.5797,509.1902,Y·A11GE 7081 AGJ,Y · ا ١ ١ ق ع   ٧ ٠ ٨ ١   ا ق ح
2401,0,0.47434106,113.00499,452.2282,178.10136,497.74506,Ｙ－ＸＩＪＥ７０８１ＡＧＪ,Ｙ － Ｘ Ｉ Ｊ Ｅ ７ ０ ８ １ Ａ Ｇ Ｊ
2401,0,0.3254546,97.80109,449.93384,183.2037,505.1319,Y·AXIS 7081 AGJ,Y · ا ص I س   ٧ ٠ ٨ ١   ا ق ح
2401,0,0.28944504,652.8241,374.13135,731.7997,408.56006,ＨＩＴＡＣＨ,Ｈ Ｉ Ｔ Ａ Ｃ Ｈ
2402,0,0.59588575,658.1411,371.13617,735.4512,405.84283,ＨＡＩＲＥＩＳＨＩＲＯＪＩ,Ｈ Ａ Ｉ Ｒ Ｅ Ｉ Ｓ Ｈ Ｉ Ｒ Ｏ Ｊ Ｉ
2402,0,0.38428307,97.16886,448.44543,181.68668,495.3401,Y·AⅢⅡⅢ 7081 ACJ,Y · ا Ⅲ Ⅱ Ⅲ   ٧ ٠ ٨ ١   ا C ح
2402,0,0.32852626,31.598434,446.88898,186.87308,500.4148,Y·AXISE 7081 AGJ,Y · ا ص I س ع   ٧ ٠ ٨ ١   ا ق ح
2402,0,0.26166758,116.42193,450.80115,179.2091,493.8546,７０８１ＡＧＪ,７ ０ ８ １ Ａ Ｇ Ｊ
2403,0,0.5427345,660.2679,367.16116,737.5367,401.9767,ＳＨＩＮＥＴＴＡＺＥ,Ｓ Ｈ Ｉ Ｎ Ｅ Ｔ Ｔ Ａ Ｚ Ｅ
2403,0,0.5398109,122.409,445.24237,179.93515,489.85242,Y·A7081ACJ,Y · ا ٧ ٠ ٨ ١ ا C ح
2404,0,0.57950336,661.76154,367.71198,738.6923,400.51984,ＳＨＩＮＥＴ,Ｓ Ｈ Ｉ Ｎ Ｅ Ｔ
2404,0,0.44970134,120.39691,444.906,181.53265,491.26105,Y·AX·7081AG,Y · ا ص · ٧ ٠ ٨ ١ ا ق
2405,0,0.5072069,664.58545,368.19775,742.73413,401.84595,５１７３２８,５ １ ７ ３ ２ ８
2405,0,0.43361184,124.32223,445.6018,185.59897,489.21216,７０８１４６９,７ ０ ８ １ ４ ６ ９
2406,0,0.37122923,128.32092,447.6073,188.53632,490.99622,Y·X7081AGJ,Y · ص ٧ ٠ ٨ ١ ا ق ح
2406,0,0.34085107,667.55774,368.63763,746.6315,401.47516,ＨＯＴＥＬ,Ｈ Ｏ Ｔ Ｅ Ｌ
2407,0,0.5446803,131.77869,449.87335,193.06342,492.47247,Y·X·I·D·E 7081 A G J,Y · ص · I · د · ع   ٧ ٠ ٨ ١   ا   ق   ح
2407,0,0.2650428,671.8938,369.98126,751.9319,406.87433,ＳＨＩＴＥＥＢＯＡＲＤ,Ｓ Ｈ Ｉ Ｔ Ｅ Ｅ Ｂ Ｏ Ａ Ｒ Ｄ
2408,0,0.47548926,119.486664,452.7251,198.82144,503.78925,７０８１ＡＧＪ,７ ０ ８ １ Ａ Ｇ Ｊ
2408,0,0.42218703,136.80255,453.8352,194.27887,499.78864,７０８１ＡＧＪ,７ ０ ８ １ Ａ Ｇ Ｊ
2408,0,0.3604255,62.837753,449.95404,205.813,508.9655,Y·X11 7081 AGJ,Y · ص ١ ١   ٧ ٠ ٨ ١   ا ق ح
2409,0,0.45094845,674.64935,375.3725,753.8997,409.6314,SITIBBS,س I ط I ب ب س
2410,0,0.5592482,675.0579,375.96017,753.0184,409.82663,*********,* * * * * * * * *
2410,0,0.52608883,129.5886,459.6585,193.62485,506.08124,Y·A1·UE 7081 AGJ,Y · ا ١ · و ع   ٧ ٠ ٨ ١   ا ق ح
2411,0,0.44416592,674.7315,378.752,755.2266,413.42523,**********,* * * * * * * * * *
2411,0,0.38538912,132.42328,460.32788,192.24048,506.6803,Y·A1·U·E 7081·AGJ,Y · ا ١ · و · ع   ٧ ٠ ٨ ١ · ا ق ح
2412,0,0.44582593,679.5006,378.73328,760.19934,412.9834,ＳＨＩＥＨＬ,Ｓ Ｈ Ｉ Ｅ Ｈ Ｌ
2412,0,0.28348094,124.83895,454.90045,202.03629,504.5412,Y·A120C 7081 AGJ,Y · ا ١ ٢ ٠ C   ٧ ٠ ٨ ١   ا ق ح
2413,0,0.5286268,132.8612,457.95105,195.56696,504.9453,７０８１ＡＧＪ,７ ０ ８ １ Ａ Ｇ Ｊ
2413,0,0.5193133,683.09314,380.40656,761.619,414.64166,ＳＨＩＥＨＥＮ,Ｓ Ｈ Ｉ Ｅ Ｈ Ｅ Ｎ
2413,0,0.25762185,122.95704,454.33533,199.6175,509.6189,Y·A1105 7081 AGJ,Y · ا ١ ١ ٠ ٥   ٧ ٠ ٨ ١   ا ق ح
2414,0,0.4594006,682.26215,381.1455,764.3382,417.0935,ＳＨＩＳＨＩＢＡＩ,Ｓ Ｈ Ｉ Ｓ Ｈ Ｉ Ｂ Ａ Ｉ
2414,0,0.39795575,130.93356,455.91058,203.51419,505.9262,７０８１ＡＧＪ,７ ０ ８ １ Ａ Ｇ Ｊ
2415,0,0.4958969,686.47614,378.6125,771.1713,414.10333,ＳＨＯＰＳ,Ｓ Ｈ Ｏ Ｐ Ｓ
2415,0,0.3499559,130.1005,451.05817,205.40784,495.8122,Y·LL·15C 7067 2650,Y · ل ل · ١ ٥ C   ٧ ٠ ٦ ٧   ٢ ٦ ٥ ٠
2415,0,0.34543157,96.32379,449.85205,206.77954,495.5913,7061AGD,٧ ٠ ٦ ١ ا ق د
2416,0,0.58747864,155.93507,451.39618,215.30269,493.71216,７０８１６３,７ ０ ８ １ ６ ３
2416,0,0.33168688,697.61633,376.02832,779.4115,412.36682,ＨＯＴＥＬ,Ｈ Ｏ Ｔ Ｅ Ｌ
2417,0,0.3941176,702.06885,373.56775,786.5619,412.0681,EXPRESS,ع ص P ر ع س س
2417,0,0.33474764,159.85583,449.7331,221.49353,492.51056,ＹＡＩＩ７０８１ＡＣＪ,Ｙ Ａ Ｉ Ｉ ７ ０ ８ １ Ａ Ｃ Ｊ
2418,0,0.34152448,165.54305,451.3562,229.79478,491.95984,7081.65,٧ ٠ ٨ ١ . ٦ ٥
2419,0,0.28361377,705.47546,369.9182,789.6481,408.02692,____________________________,_ _ _ _ _ _ _ _ _ _ _ _ _ _ _ _ _ _ _ _ _ _ _ _ _ _ _ _
2420,0,0.5173104,158.59454,459.3645,229.0329,502.51752,ＹＡＴ２５７８１４６３,Ｙ Ａ Ｔ ２ ５ ７ ８ １ ４ ６ ３
2420,0,0.50309175,704.93695,371.4027,790.63947,411.7224,*********,* * * * * * * * *
2421,0,0.51148736,706.3932,374.29993,791.0349,410.0763,６０３２５,６ ０ ３ ２ ５
2421,0,0.26716602,158.79346,458.93817,220.0581,506.31476,7081 6GJ,٧ ٠ ٨ ١   ٦ ق ح
2422,0,0.4741218,699.37585,375.5556,783.0891,411.4272,ＧＥＴＵＳＡ,Ｇ Ｅ Ｔ Ｕ Ｓ Ａ
2424,0,0.35108548,663.3799,385.37997,747.9116,418.60812,ＨＯＴＥＬ,Ｈ Ｏ Ｔ Ｅ Ｌ
2425,0,0.5638555,653.7589,388.71423,735.68396,424.64197,ＨＯＴＥＬ,Ｈ Ｏ Ｔ Ｅ Ｌ
2426,0,0.49408367,653.60486,389.51184,736.19836,424.16284,ＮＯＴＯＭＯＴＩＶ,Ｎ Ｏ Ｔ Ｏ Ｍ Ｏ Ｔ Ｉ Ｖ
2427,0,0.3894057,661.30414,387.19415,744.8637,421.07648,上海银行,上 海 银 行
2428,0,0.43080622,667.05444,380.81512,752.00977,415.0843,ＧＧＧＧＧ,Ｇ Ｇ Ｇ Ｇ Ｇ
2428,0,0.3876564,34.50769,434.12057,169.52156,487.74344,7081AGJ,٧ ٠ ٨ ١ ا ق ح
2428,0,0.36983833,98.44405,437.43964,164.29068,484.6225,7081A6J,٧ ٠ ٨ ١ ا ٦ ح
2429,0,0.5803021,669.2361,376.96588,756.5454,413.68085,#,#
2429,0,0.4482003,108.4885,434.95914,170.18509,479.23117,7081,٧ ٠ ٨ ١
2430,0,0.47406283,671.85913,379.3932,756.9248,413.64417,ＨＡＮＤＥＬ,Ｈ Ａ Ｎ Ｄ Ｅ Ｌ
2430,0,0.46638393,107.45311,434.46606,169.82228,479.55316,Y·A135 7081 AGJ,Y · ا ١ ٣ ٥   ٧ ٠ ٨ ١   ا ق ح
2431,0,0.50903744,675.7371,375.62848,762.6446,411.37726,BAR,ب ا ر
2431,0,0.25670213,111.65775,437.58487,180.14597,484.34634,7081AGU,٧ ٠ ٨ ١ ا ق و
2432,0,0.5576291,116.26613,446.391,178.152,493.55438,Y·A1 7081 AGJ,Y · ا ١   ٧ ٠ ٨ ١   ا ق ح
2432,0,0.362501,679.35925,374.99713,767.76306,413.86902,____________,_ _ _ _ _ _ _ _ _ _ _ _
2433,0,0.6391736,125.31287,452.2776,185.1774,494.01343,Y·X1 7081 AGJ,Y · ص ١   ٧ ٠ ٨ ١   ا ق ح
2433,0,0.3593725,683.2069,375.25336,771.2318,413.50787,２２５８,２ ２ ５ ８
2433,0,0.25023136,116.45285,448.44696,190.43585,501.6353,Y·X1J5 7081AGJ,Y · ص ١ ح ٥   ٧ ٠ ٨ ١ ا ق ح
2434,0,0.47384912,685.0404,377.8011,773.11145,415.82373,ＳＨＡＮＧ,Ｓ Ｈ Ａ Ｎ Ｇ
2434,0,0.44345567,122.10457,457.87976,193.22093,504.84277,Y·A1 125 7081 AGJ,Y · ا ١   ١ ٢ ٥   ٧ ٠ ٨ ١   ا ق ح
2435,0,0.4273199,688.5359,378.76318,774.3904,416.14807,________________________,_ _ _ _ _ _ _ _ _ _ _ _ _ _ _ _ _ _ _ _ _ _ _ _
2435,0,0.36430368,129.20874,459.1125,187.63129,506.16168,Y·A1 7081 A6J,Y · ا ١   ٧ ٠ ٨ ١   ا ٦ ح
2436,0,0.55928344,686.8198,377.87415,774.56506,416.31732,６００２８５,６ ０ ０ ２ ８ ５
2437,0,0.5316577,686.7422,380.37543,774.68994,417.13153,１３５８３５８３５８３,１ ３ ５ ８ ３ ５ ８ ３ ５ ８ ３
2437,0,0.51254964,121.142105,465.2028,191.03264,511.2948,７０８１ＡＧＪ,７ ０ ８ １ Ａ Ｇ Ｊ
2438,0,0.64893365,128.32541,467.31274,184.94177,509.3706,Y-A1 7081 AGJ,Y - ا ١   ٧ ٠ ٨ ١   ا ق ح
2438,0,0.48092008,685.9243,381.63757,773.5603,419.31384,_____________,_ _ _ _ _ _ _ _ _ _ _ _ _
2439,0,0.5042337,689.6061,383.19736,774.5973,417.93344,１２３４８９８８２５２,１ ２ ３ ４ ８ ９ ８ ８ ２ ５ ２
2439,0,0.4337838,126.33673,468.6025,191.53128,515.2825,７０８１４６３,７ ０ ８ １ ４ ６ ３
2439,0,0.27542385,110.692055,465.72098,197.61172,520.51196,Y·A1·105 7081AGJ,Y · ا ١ · ١ ٠ ٥   ٧ ٠ ٨ ١ ا ق ح
2440,0,0.5455893,692.54736,383.47583,778.9591,419.16968,５８２３８７,５ ８ ２ ３ ８ ７
2440,0,0.5100151,133.01794,471.69,193.35931,517.3116,Y·A1 125 7081 AGJ,Y · ا ١   ١ ٢ ٥   ٧ ٠ ٨ ١   ا ق ح
2441,0,0.51119286,698.687,380.28088,784.61523,417.4115,1234567890,١ ٢ ٣ ٤ ٥ ٦ ٧ ٨ ٩ ٠
2441,0,0.3193703,135.02612,471.42267,207.5809,519.4748,７０８１４６９,７ ０ ８ １ ４ ６ ９
2442,0,0.47517434,148.29346,474.57312,203.7821,517.33276,7081AJ,٧ ٠ ٨ ١ ا ح
2442,0,0.471189,700.8449,379.6367,789.1413,418.0176,ＨＯＴＥＬ,Ｈ Ｏ Ｔ Ｅ Ｌ
2443,0,0.5590881,701.9999,377.61603,790.0375,416.375,ＳＨＩＮＥ,Ｓ Ｈ Ｉ Ｎ Ｅ
2443,0,0.36014238,144.39038,471.46777,208.05023,519.5808,Y·X 7081AGJ,Y · ص   ٧ ٠ ٨ ١ ا ق ح
2443,0,0.25558746,114.29257,469.15485,212.40326,524.3869,Y·A1 135 7081 AGJ,Y · ا ١   ١ ٣ ٥   ٧ ٠ ٨ ١   ا ق ح
2444,0,0.6230652,698.58105,376.62595,786.5227,416.62186,ＧＨＧＧ,Ｇ Ｈ Ｇ Ｇ
2444,0,0.33540708,139.37791,471.73355,206.46065,516.1903,Y·X1 7081ACJ,Y · ص ١   ٧ ٠ ٨ ١ ا C ح
2445,0,0.51035947,696.70013,378.74872,782.9639,417.22125,５７８１－３３６８,５ ７ ８ １ － ３ ３ ６ ８
2445,0,0.428732,132.38556,471.9424,205.34195,521.5149,Y·A1125 7081AGJ,Y · ا ١ ١ ٢ ٥   ٧ ٠ ٨ ١ ا ق ح
2446,0,0.5429215,696.74677,377.7918,782.3868,416.21368,１３７１２３６６,１ ３ ７ １ ２ ３ ６ ６
2446,0,0.4840385,131.70071,471.4565,204.97617,522.56006,Y·X1 7081 AGJ,Y · ص ١   ٧ ٠ ٨ ١   ا ق ح
2447,0,0.5648401,136.09908,472.53183,197.27077,513.5321,７０８１４６,７ ０ ８ １ ４ ６
2447,0,0.5624223,694.6943,376.767,782.79266,414.817,６２８,６ ２ ８
2448,0,0.54038525,138.95506,469.03888,193.29417,511.08795,Y·A·12·5·8·7·0·8·1·A·C·J,Y · ا · ١ ٢ · ٥ · ٨ · ٧ · ٠ · ٨ · ١ · ا · C · ح
2448,0,0.47771496,692.52905,376.46075,780.58276,413.453,ＨＩＧＨＴＯＵＮＤ,Ｈ Ｉ Ｇ Ｈ Ｔ Ｏ Ｕ Ｎ Ｄ
2448,0,0.2953232,126.75574,464.19022,202.99988,518.99585,Y·A·1·15·E 7081 A G J,Y · ا · ١ · ١ ٥ · ع   ٧ ٠ ٨ ١   ا   ق   ح
2449,0,0.61032534,134.30957,469.5885,191.1629,508.76245,7081ACJ,٧ ٠ ٨ ١ ا C ح
2449,0,0.4289822,689.6818,376.94012,777.54584,415.13873,５１３２３８２９,５ １ ３ ２ ３ ８ ２ ９
2450,0,0.5629275,132.15102,466.05508,188.43022,510.94104,Y·X1 7081 AGJ,Y · ص ١   ٧ ٠ ٨ ١   ا ق ح
2450,0,0.5106099,687.17017,378.61053,776.48694,416.46875,６００１－８３６５,６ ０ ０ １ － ８ ３ ６ ５
2451,0,0.48884434,686.0619,378.9154,775.24866,416.84314,１３１３０２８２８,１ ３ １ ３ ０ ２ ８ ２ ８
2451,0,0.47116095,127.6513,464.5016,183.14435,509.6933,Y·X1 1C 7081 AGJ,Y · ص ١   ١ C   ٧ ٠ ٨ ١   ا ق ح
2452,0,0.38460216,132.90256,465.29022,195.2239,509.41193,７０８１ＡＧＪ,７ ０ ８ １ Ａ Ｇ Ｊ
2453,0,0.5505262,691.70654,376.32794,779.97046,413.59613,６３２１－８６８,６ ３ ２ １ － ８ ６ ８
2453,0,0.25778314,131.51001,462.68268,194.01044,508.93988,Y·A 7081 AGJ,Y · ا   ٧ ٠ ٨ ١   ا ق ح
2454,0,0.56466097,694.47394,374.1333,780.74774,410.87708,５７８１２３８９,５ ７ ８ １ ２ ３ ８ ９
2454,0,0.33570114,141.49301,458.94507,199.97574,505.2987,Y·A1 7081 AGJ,Y · ا ١   ٧ ٠ ٨ ١   ا ق ح
2455,0,0.5817069,143.45468,460.30402,199.33786,504.14337,7081 A G J,٧ ٠ ٨ ١   ا   ق   ح
2455,0,0.54396147,693.11975,372.8619,781.578,411.66928,５００２３６８,５ ０ ０ ２ ３ ６ ８
2456,0,0.54973906,691.3618,375.16144,779.5725,411.1571,１５８７１２３８６８,１ ５ ８ ７ １ ２ ３ ８ ６ ８
2456,0,0.47203603,140.73567,458.9768,194.2925,501.7838,7081ACJ,٧ ٠ ٨ ١ ا C ح
2457,0,0.57710487,694.6821,374.9194,781.21387,411.48038,１３１３８５２６,１ ３ １ ３ ８ ５ ２ ６
2457,0,0.52866364,144.3128,459.2677,200.12982,503.88196,7081ACJ,٧ ٠ ٨ ١ ا C ح
2458,0,0.58400124,699.48663,374.79535,785.50995,411.03595,１３７１５２８６２８,１ ３ ７ １ ５ ２ ８ ６ ２ ８
2458,0,0.528772,145.19315,457.235,201.00006,502.95447,Y·A12C 7081AGJ,Y · ا ١ ٢ C   ٧ ٠ ٨ ١ ا ق ح
2459,0,0.5560488,151.1175,458.38428,207.15729,503.2265,7081 3G,٧ ٠ ٨ ١   ٣ ق
2459,0,0.46330246,702.47424,371.46112,792.51526,411.2923,１３９２８２８２,１ ３ ９ ２ ８ ２ ８ ２
2460,0,0.5378603,710.4361,372.6328,796.0358,410.47473,ＳＨＩＮＥＥＮ,Ｓ Ｈ Ｉ Ｎ Ｅ Ｅ Ｎ
2461,0,0.5119077,708.77185,372.7898,798.798,412.09888,４０００２８６,４ ０ ０ ０ ２ ８ ６
2461,0,0.30811054,160.87564,460.8391,215.9625,508.3376,Y·A·112 7081AGJ,Y · ا · ١ ١ ٢   ٧ ٠ ٨ ١ ا ق ح
2462,0,0.61462194,709.415,374.7022,797.502,411.52362,5763,٥ ٧ ٦ ٣
2462,0,0.36472717,161.76123,461.54828,219.5271,507.7741,Y·A11 125° 7081 AGJ,Y · ا ١ ١   ١ ٢ ٥ °   ٧ ٠ ٨ ١   ا ق ح
2463,0,0.58580387,707.8712,375.5182,796.45154,414.27557,５７８３２９６２,５ ７ ８ ３ ２ ９ ６ ２
2463,0,0.45986202,161.35074,461.516,212.27386,507.05487,7081ACJ,٧ ٠ ٨ ١ ا C ح
2464,0,0.47418174,704.1372,378.42694,794.6438,415.09442,NO.30,ن O . ٣ ٠
2464,0,0.4078805,154.69351,466.61572,220.3826,509.67725,７０８１４６３,７ ０ ８ １ ４ ６ ３
2465,0,0.6226758,700.40967,378.63568,787.4529,416.55548,PANASONIC,P ا ن ا س O ن I C
2465,0,0.52666134,151.22986,465.06995,208.987,507.62872,７０８１ＡＣＪ,７ ０ ８ １ Ａ Ｃ Ｊ
2466,0,0.5728651,695.2195,378.87717,782.26685,415.6014,６８１８２３５８,６ ８ １ ８ ２ ３ ５ ８
2466,0,0.2792877,146.2963,459.97168,197.71384,504.51373,7081A6J,٧ ٠ ٨ ١ ا ٦ ح
2467,0,0.48576546,690.16125,379.33722,777.7721,414.86517,63136288,٦ ٣ ١ ٣ ٦ ٢ ٨ ٨
2467,0,0.4617221,131.51147,459.23413,189.19879,501.17914,7081AGJ,٧ ٠ ٨ ١ ا ق ح
2468,0,0.4821217,690.14575,379.3208,777.81714,414.89166,！！！,！ ！ ！
2468,0,0.46477538,131.45474,459.23242,189.15353,501.1709,７０８１ＡＧＪ,７ ０ ８ １ Ａ Ｇ Ｊ
2469,0,0.50877243,686.5835,380.73822,773.65967,418.11053,２３１７,２ ３ １ ７
2469,0,0.39787033,130.79156,458.65497,191.73322,505.70752,Y·A1 133 7081AGJ,Y · ا ١   ١ ٣ ٣   ٧ ٠ ٨ ١ ا ق ح
2470,0,0.50845,131.14774,459.0448,194.90756,502.7827,Y·A1 135 7081 AGJ,Y · ا ١   ١ ٣ ٥   ٧ ٠ ٨ ١   ا ق ح
2470,0,0.5080545,688.8137,382.3484,774.58057,417.92902,1352666666,١ ٣ ٥ ٢ ٦ ٦ ٦ ٦ ٦ ٦
2471,0,0.516142,689.0415,381.7636,775.1328,417.57843,ＳＨＩＮＥＶＥ,Ｓ Ｈ Ｉ Ｎ Ｅ Ｖ Ｅ
2471,0,0.4165273,132.58733,456.08417,197.36882,496.56537,Y·A）135 7081AGJ,Y · ا ） ١ ٣ ٥   ٧ ٠ ٨ ١ ا ق ح
2472,0,0.56767726,687.62115,380.50482,774.0673,417.25018,1234567890,١ ٢ ٣ ٤ ٥ ٦ ٧ ٨ ٩ ٠
2472,0,0.40190098,126.87784,458.01752,189.91336,498.69684,Y·A1 JDB 7081 ACJ,Y · ا ١   ح د ب   ٧ ٠ ٨ ١   ا C ح
2473,0,0.5643827,686.3279,381.03278,773.1687,417.71246,１３７５２３８６,１ ３ ７ ５ ２ ３ ８ ６
2473,0,0.5443222,129.26315,455.23914,187.17844,498.62134,Y·A1 7081 AGJ,Y · ا ١   ٧ ٠ ٨ ١   ا ق ح
2473,0,0.34216926,122.760254,451.01,191.95712,504.922,Y.A1 JEC 7081 AGJ,Y . ا ١   ح ع C   ٧ ٠ ٨ ١   ا ق ح
2474,0,0.5653817,687.9242,381.0622,773.2595,416.82965,１３１３５２８８９,１ ３ １ ３ ５ ２ ８ ８ ９
2474,0,0.50241756,131.04034,455.47717,186.13385,498.09735,Y·A1 7081 ACJ,Y · ا ١   ٧ ٠ ٨ ١   ا C ح
2474,0,0.25381613,119.35945,450.07782,193.5837,506.75818,Y·A1 7081 AGJ,Y · ا ١   ٧ ٠ ٨ ١   ا ق ح
2475,0,0.46076468,684.208,378.8344,771.94507,414.70917,63128363,٦ ٣ ١ ٢ ٨ ٣ ٦ ٣
2475,0,0.4156211,126.50327,452.75134,189.01425,500.57806,７０８１ＡＧＪ,７ ０ ８ １ Ａ Ｇ Ｊ
2476,0,0.47987548,683.55524,378.1823,770.5733,414.22723,２３１７８３６,２ ３ １ ７ ８ ３ ６
2476,0,0.40281507,124.09441,449.60522,186.58282,495.00208,Y·A1 135 7081 AGJ,Y · ا ١   ١ ٣ ٥   ٧ ٠ ٨ ١   ا ق ح
2477,0,0.55783993,116.15054,453.89398,180.58994,498.85254,７０８１ＡＪＪ,７ ０ ８ １ Ａ Ｊ Ｊ
2477,0,0.4512009,682.611,380.0995,767.884,415.4038,１３７０２３６８９,１ ３ ７ ０ ２ ３ ６ ８ ９
2478,0,0.5618228,115.15088,455.14124,174.17374,495.99646,Y·A)7081AGJ,Y · ا ) ٧ ٠ ٨ ١ ا ق ح
2478,0,0.44884127,676.31323,382.05505,762.8518,417.81836,１３７３２８３６９,１ ３ ７ ３ ２ ８ ３ ６ ９
2479,0,0.39447156,676.1751,384.3846,760.3461,420.30508,５０００３３８,５ ０ ０ ０ ３ ３ ８
2479,0,0.31197867,111.07465,455.80426,172.43365,497.97894,Y·A)JGZ 7081 AGJ,Y · ا ) ح ق م   ٧ ٠ ٨ ١   ا ق ح
2480,0,0.6507231,110.16962,458.3769,170.76831,502.75415,Y·A) 7081 A6J8,Y · ا )   ٧ ٠ ٨ ١   ا ٦ ح ٨
2480,0,0.42904666,674.65076,387.68378,759.95056,423.9842,１３０１８２８５８,１ ３ ０ １ ８ ２ ８ ５ ８
2481,0,0.6157972,109.323944,458.6104,166.2821,502.11023,7081,٧ ٠ ٨ ١
2481,0,0.5891787,671.12146,386.69727,757.34924,423.0177,HIGH,هـ I ق هـ
2481,0,0.3158551,429.64105,369.35684,467.21942,392.9081,#,#
2482,0,0.59560096,671.6183,383.82617,755.8063,419.84375,ＨＩＧＨ,Ｈ Ｉ Ｇ Ｈ
2482,0,0.3828677,103.72362,458.28687,172.88408,503.36572,Y·A13 7081AGJ,Y · ا ١ ٣   ٧ ٠ ٨ ١ ا ق ح
2483,0,0.6375795,671.0947,384.06897,754.0869,418.2265,6311,٦ ٣ ١ ١
2483,0,0.5613576,96.31778,455.71606,161.78015,498.21362,Y·A) 7081 A G J,Y · ا )   ٧ ٠ ٨ ١   ا   ق   ح
2483,0,0.2618998,425.36966,362.23502,462.77896,389.1188,#,#
2484,0,0.6452797,669.8343,383.95822,754.0892,419.65402,６００２３０,６ ０ ０ ２ ３ ０
2484,0,0.58008635,96.97333,456.01562,161.80847,498.0586,Y·A1JCE 7081AGJ,Y · ا ١ ح C ع   ٧ ٠ ٨ ١ ا ق ح
2484,0,0.34015825,423.28253,361.89218,462.71185,389.59872,#,#
2485,0,0.6075631,670.2625,383.78638,754.01373,418.36676,ＮＯＴＥＢＯＯＫ,Ｎ Ｏ Ｔ Ｅ Ｂ Ｏ Ｏ Ｋ
2485,0,0.46404478,100.013954,453.0891,166.22324,495.16028,Y·A) 7081 AGJ,Y · ا )   ٧ ٠ ٨ ١   ا ق ح
2486,0,0.6879892,674.76025,379.52142,759.5205,415.4677,２４７３６５,２ ４ ７ ３ ６ ５
2486,0,0.461299,109.10103,447.1374,166.35301,486.85504,7081ACGJ,٧ ٠ ٨ ١ ا C ق ح
2487,0,0.5234206,677.03235,377.4796,764.56775,413.1203,２５０１,２ ５ ０ １
2487,0,0.51054657,112.545235,440.23572,167.83807,483.3684,Y·A)JDE 7081 AGJ,Y · ا ) ح د ع   ٧ ٠ ٨ ١   ا ق ح
2488,0,0.54522663,682.5558,375.66388,766.56213,409.52924,８００８２５０,８ ０ ０ ８ ２ ５ ０
2488,0,0.49024326,116.52486,440.41205,176.19139,485.56305,Y·A) 7081 AGJ,Y · ا )   ٧ ٠ ٨ ١   ا ق ح
2489,0,0.58484364,111.45659,437.65497,175.65346,479.1612,Y·AXIOM 7081ACJ,Y · ا ص I O M   ٧ ٠ ٨ ١ ا C ح
2490,0,0.64598644,684.1449,367.6929,770.2654,404.9263,123456789101112,١ ٢ ٣ ٤ ٥ ٦ ٧ ٨ ٩ ١ ٠ ١ ١ ١ ٢
2490,0,0.42107165,114.04579,436.5929,176.62593,476.82385,Y·A) 7081 AGJ,Y · ا )   ٧ ٠ ٨ ١   ا ق ح
2491,0,0.39514488,114.4716,435.43475,178.33205,476.19244,Y·A113 7081AGJ,Y · ا ١ ١ ٣   ٧ ٠ ٨ ١ ا ق ح
2491,0,0.27348125,685.2438,367.71518,772.58887,403.88937,ＨＯＴＥＬ,Ｈ Ｏ Ｔ Ｅ Ｌ
2492,0,0.6483294,684.6542,367.5982,770.56384,404.6822,ＢＵＬＬＥＴＳ,Ｂ Ｕ Ｌ Ｌ Ｅ Ｔ Ｓ
2492,0,0.5033626,116.614685,434.6386,173.29755,474.4453,7081AGJ,٧ ٠ ٨ ١ ا ق ح
2493,0,0.49928334,110.2487,436.74542,169.93471,476.3615,7081ACJ,٧ ٠ ٨ ١ ا C ح
2493,0,0.36394003,683.2418,369.84262,769.8407,407.35178,ＨＡＲＢＯＵＲ,Ｈ Ａ Ｒ Ｂ Ｏ Ｕ Ｒ
2494,0,0.4614851,110.798256,437.3042,166.45523,480.4834,7081 15 3,٧ ٠ ٨ ١   ١ ٥   ٣
2494,0,0.3416873,681.5172,371.58105,768.9635,409.18726,***********,* * * * * * * * * * *
2495,0,0.4443234,104.92821,441.9391,168.96107,488.7804,７０８１ＡＧＪ,７ ０ ８ １ Ａ Ｇ Ｊ
2495,0,0.4040922,681.1559,375.59103,767.08044,410.03983,**********,* * * * * * * * * *
2496,0,0.4352221,95.62788,439.37775,162.76257,490.6051,Y·X1 7081AGJ,Y · ص ١   ٧ ٠ ٨ ١ ا ق ح
2496,0,0.3978363,680.7928,376.10437,766.314,412.44885,ＳＵＺＵＫＩ,Ｓ Ｕ Ｚ Ｕ Ｋ Ｉ
2497,0,0.4504982,678.78894,378.92725,765.30774,413.84668,ＨＯＴＥＬ,Ｈ Ｏ Ｔ Ｅ Ｌ
2497,0,0.34493363,101.427895,443.42413,167.01553,481.3363,70814650,٧ ٠ ٨ ١ ٤ ٦ ٥ ٠
2498,0,0.42612687,95.66273,440.1695,160.841,489.4135,7081ACG,٧ ٠ ٨ ١ ا C ق
2498,0,0.3505566,680.6581,376.09564,762.12976,410.4043,８８９１３２３０,８ ８ ９ １ ３ ２ ３ ０
2499,0,0.4333837,97.29535,440.98297,157.71686,486.62085,Y·A1 DCE 7081 AGJ,Y · ا ١   د C ع   ٧ ٠ ٨ ١   ا ق ح
2499,0,0.4329861,680.0165,373.7563,765.5696,409.58624,**********,* * * * * * * * * *
2500,0,0.48332688,94.97821,440.8263,155.81918,485.53882,7081A5J,٧ ٠ ٨ ١ ا ٥ ح
2500,0,0.3552694,679.6334,374.20346,764.97546,409.82285,８５１９３２５８,８ ５ １ ９ ３ ２ ５ ８
2501,0,0.3800954,679.9874,376.31244,761.53687,410.5293,１３７０２５８,１ ３ ７ ０ ２ ５ ８
2501,0,0.33550903,93.2395,440.11575,152.0899,480.34903,7081ACJ,٧ ٠ ٨ ١ ا C ح
2502,0,0.5390373,679.19794,375.69443,761.8051,410.72458,ＢＵＬＬＥＴ,Ｂ Ｕ Ｌ Ｌ Ｅ Ｔ
2502,0,0.47707522,88.479034,445.81427,152.20123,485.08435,Y·A11 7081 AGJ,Y · ا ١ ١   ٧ ٠ ٨ ١   ا ق ح
2504,0,0.28203443,81.68909,450.53796,157.07263,493.8543,Y·A1 113 7081 AGJ,Y · ا ١   ١ ١ ٣   ٧ ٠ ٨ ١   ا ق ح
2504,0,0.2567661,679.70776,375.7985,764.9414,410.77982,８８９０６２５８,８ ８ ９ ０ ６ ２ ５ ８
2505,0,0.37376466,680.2838,375.67603,763.7706,410.0609,ＳＴＯＲＥ,Ｓ Ｔ Ｏ Ｒ Ｅ
2506,0,0.4155185,676.40485,375.4042,763.3786,409.62033,ＨＯＴＥＬ,Ｈ Ｏ Ｔ Ｅ Ｌ
2507,0,0.5606201,80.28233,448.91168,145.23009,493.4754,Y·A1 135° 7081 AGJ,Y · ا ١   ١ ٣ ٥ °   ٧ ٠ ٨ ١   ا ق ح
2507,0,0.36485422,678.22626,376.31183,765.48944,410.81927,１３１２５８７２６２８,１ ３ １ ２ ５ ８ ７ ２ ６ ２ ８
2508,0,0.60274816,77.62416,454.5406,140.14857,494.3847,Y·A1 135 7081 AG0,Y · ا ١   ١ ٣ ٥   ٧ ٠ ٨ ١   ا ق ٠
2508,0,0.2746657,680.9324,375.44556,765.57837,410.78308,ＨＯＴＥＬ,Ｈ Ｏ Ｔ Ｅ Ｌ
2509,0,0.43656692,67.361404,455.89453,138.81694,503.19165,Y·A1 125 7081 AGJ,Y · ا ١   ١ ٢ ٥   ٧ ٠ ٨ ١   ا ق ح
2509,0,0.4195471,678.34595,379.223,765.06445,413.5104,63138388,٦ ٣ ١ ٣ ٨ ٣ ٨ ٨
2510,0,0.47577608,676.2572,379.91467,760.84546,416.79816,ＧＥＴＴＩＮＧ,Ｇ Ｅ Ｔ Ｔ Ｉ Ｎ Ｇ
2510,0,0.35272396,55.411926,458.14294,138.46848,506.73694,Y·A113 7081 AGJ,Y · ا ١ ١ ٣   ٧ ٠ ٨ ١   ا ق ح
2510,0,0.27782106,30.66713,456.84918,131.8362,505.60577,Y·A113E 7081AGJ,Y · ا ١ ١ ٣ ع   ٧ ٠ ٨ ١ ا ق ح
2511,0,0.591623,674.05096,380.38428,759.789,415.6621,ＨＯＴＥＬ,Ｈ Ｏ Ｔ Ｅ Ｌ
2511,0,0.530675,60.95123,458.0694,130.61346,503.0058,Y·A1 135 7081 AGJ,Y · ا ١   ١ ٣ ٥   ٧ ٠ ٨ ١   ا ق ح
2512,0,0.54383296,672.63007,376.1974,760.7424,413.64307,５００１８２８６,５ ０ ０ １ ８ ２ ８ ６
2512,0,0.54253125,57.279312,458.10248,126.90257,501.8806,7081ACJ,٧ ٠ ٨ ١ ا C ح
2513,0,0.46179414,50.266003,456.28638,121.30153,502.91418,Y·A1 7081 AGJ,Y · ا ١   ٧ ٠ ٨ ١   ا ق ح
2514,0,0.5083763,47.625847,456.38544,122.003746,503.02014,７０８１ＡＣＪ,７ ０ ８ １ Ａ Ｃ Ｊ
2514,0,0.37019223,673.9468,371.63855,759.9707,409.21875,ＨＯＴＥＬ,Ｈ Ｏ Ｔ Ｅ Ｌ
2515,0,0.41084328,670.61426,372.5708,758.0669,410.65277,________________________________________________,_ _ _ _ _ _ _ _ _ _ _ _ _ _ _ _ _ _ _ _ _ _ _ _ _ _ _ _ _ _ _ _ _ _ _ _ _ _ _ _ _ _ _ _ _ _ _ _
2515,0,0.35495663,30.554558,456.2979,116.04926,504.01654,Y-A1 135 7081 AGJ,Y - ا ١   ١ ٣ ٥   ٧ ٠ ٨ ١   ا ق ح
2515,0,0.34874544,422.96973,354.98428,461.69623,381.15274,#,#
2515,0,0.30487424,49.536537,457.26215,119.91079,500.18756,７０８１ＡＣＪ,７ ０ ８ １ Ａ Ｃ Ｊ
2516,0,0.49742606,40.19113,461.68634,115.04286,514.1098,7081ACJ,٧ ٠ ٨ ١ ا C ح
2516,0,0.46148792,672.1728,376.88446,756.8824,411.68408,**********,* * * * * * * * * *
2517,0,0.55812496,668.47107,378.4156,754.93933,414.11896,ＨＯＴＥＬ,Ｈ Ｏ Ｔ Ｅ Ｌ
2517,0,0.5490792,30.825722,465.15308,105.673454,509.39636,Y·A１T35 7081ACJ,Y · ا １ ط ٣ ٥   ٧ ٠ ٨ ١ ا C ح
2518,0,0.43304208,664.51025,382.68787,751.969,420.28406,#,#
2518,0,0.39752197,20.01487,469.9964,96.073265,518.9976,７－３１ＡＧＪ,７ － ３ １ Ａ Ｇ Ｊ
2519,0,0.55105454,658.065,388.33984,743.87665,423.93262,１３２６８２８８,１ ３ ２ ６ ８ ２ ８ ８
2519,0,0.53712934,5.776535,467.72253,82.89722,522.0431,７５８１ＡＧＪ,７ ５ ８ １ Ａ Ｇ Ｊ
2519,0,0.4181942,409.404,368.5099,447.99066,393.21033,#,#
2520,0,0.47460386,652.8202,390.26224,738.6498,425.1912,**********,* * * * * * * * * *
2520,0,0.40551037,2.1699448,471.98804,73.671616,518.84436,７０８１ＡＧＪ,７ ０ ８ １ Ａ Ｇ Ｊ
2521,0,0.5837336,655.0052,387.87567,737.50543,424.43414,BAKERY,ب ا ك ع ر Y
2521,0,0.3892166,0.21591187,467.4629,73.911285,524.2799,Y·A1 135 7081 AGJ,Y · ا ١   ١ ٣ ٥   ٧ ٠ ٨ ١   ا ق ح
2521,0,0.27423862,401.77686,367.7617,442.9994,394.3892,#,#
2522,0,0.59610665,656.2882,386.7338,742.77234,425.05966,IT'S,I ط ' س
2522,0,0.29815897,0.379364,470.81036,80.5614,527.1027,Y·A1 135 7081 AGJ,Y · ا ١   ١ ٣ ٥   ٧ ٠ ٨ ١   ا ق ح
2523,0,0.5638668,656.8539,386.81586,743.46594,424.6941,________,_ _ _ _ _ _ _ _
2523,0,0.34345406,0.8453522,470.93024,70.93008,524.6899,Y·A1 135 7081 AGJ,Y · ا ١   ١ ٣ ٥   ٧ ٠ ٨ ١   ا ق ح
2524,0,0.44030333,654.07056,388.50726,742.09973,426.87274,###,# # #
2524,0,0.31756648,1.0252743,470.4864,64.47787,525.4975,A 7081 AGJ,ا   ٧ ٠ ٨ ١   ا ق ح
2525,0,0.46651757,654.048,388.76965,740.3451,426.4668,**********,* * * * * * * * * *
2525,0,0.45031998,1.3875427,469.07782,65.21483,528.36115,A 125 081 AGJ,ا   ١ ٢ ٥   ٠ ٨ ١   ا ق ح
2526,0,0.4388627,654.0719,389.06055,740.7434,424.43933,#*,# *
2527,0,0.4978113,1.1441498,471.73108,59.42765,530.4546,A1 08 81 AGJ,ا ١   ٠ ٨   ٨ ١   ا ق ح
2527,0,0.41910878,655.83514,385.47906,744.02106,422.7198,__________________,_ _ _ _ _ _ _ _ _ _ _ _ _ _ _ _ _ _
2528,0,0.44152418,660.21423,386.8108,745.8893,424.3899,**,* *
2528,0,0.2526792,409.04428,368.6934,446.65475,394.21933,#,#
2529,0,0.53857416,654.859,387.9557,742.56616,425.80273,SCHNELLBREMSEN,س C هـ ن ع ل ل ب ر ع M س ع ن
2529,0,0.43982628,0.0,481.02148,50.01069,541.6294,1 13 8 11 AGJ,١   ١ ٣   ٨   ١ ١   ا ق ح
2530,0,0.32787305,652.5669,391.83704,740.01624,427.32605,***,* * *
2531,0,0.5704234,0.0,489.68982,37.780396,546.6112,AGJ,ا ق ح
2531,0,0.5059135,652.68384,392.0279,739.85425,428.8166,**********,* * * * * * * * * *
2532,0,0.56798506,654.5698,393.47345,740.8386,431.13007,*** ***,* * *   * * *
2533,0,0.5854891,657.00684,393.46625,745.01416,430.46246,*****,* * * * *
2533,0,0.5296939,0.0,494.9933,38.940384,558.82166,AGJ,ا ق ح
2534,0,0.4753772,659.4498,391.01532,748.48486,429.68073,5A2B3,٥ ا ٢ ب ٣
2534,0,0.43022147,0.0,492.73987,39.451458,560.9061,AGJ,ا ق ح
2535,0,0.39605927,664.35547,387.419,750.56714,425.0816,*********,* * * * * * * * *
2535,0,0.33392113,0.0,493.91467,39.59156,557.88196,AGA,ا ق ا
2536,0,0.5032889,665.9071,387.5182,752.266,424.45813,6 7 3 2 5 8,٦   ٧   ٣   ٢   ٥   ٨
2536,0,0.3769037,0.02468872,491.89954,37.04289,558.0919,AGJ,ا ق ح
2537,0,0.48254746,667.85315,386.80484,752.526,424.82254,###,# # #
2538,0,0.35010713,666.3214,391.74472,752.5121,427.5062,SPLICE,س P ل I C ع
2539,0,0.561528,664.88965,393.96973,750.06165,430.68835,53333,٥ ٣ ٣ ٣ ٣
2540,0,0.63736343,664.11633,395.1338,748.7035,434.29907,ＳＨＩＥＨＬ,Ｓ Ｈ Ｉ Ｅ Ｈ Ｌ
2541,0,0.42883247,659.84705,397.52844,745.3363,435.10583,ＳＨＡＮＧ,Ｓ Ｈ Ａ Ｎ Ｇ
2542,0,0.42842326,654.7124,402.56998,742.5659,440.88303,**********,* * * * * * * * * *
2542,0,0.34568802,403.0625,385.71246,440.29895,414.84467,#,#
2542,0,0.27231055,1170.8676,410.8504,1278.2023,484.7052,!,!
2543,0,0.63051426,1164.061,417.9206,1265.6345,474.80255,<doc>     0 </doc>,< d o c >           ٠   < / d o c >
2543,0,0.575902,660.3467,407.03897,744.30334,445.24692,２３２８,２ ３ ２ ８
2544,0,0.7054909,1153.3998,409.0802,1254.214,467.3603,E,ع
2544,0,0.4851752,664.72986,407.28088,748.09143,444.1645,ＳＨＡＴＴＩＥＳ,Ｓ Ｈ Ａ Ｔ Ｔ Ｉ Ｅ Ｓ
2545,0,0.64399314,1147.2932,403.37897,1233.2058,452.55853,#,#
2545,0,0.52070224,670.07794,400.20123,756.8432,440.12762,ＨＯＴＥＬ,Ｈ Ｏ Ｔ Ｅ Ｌ
2546,0,0.59813845,1135.2285,395.90466,1224.5696,441.65417,H,هـ
2546,0,0.48757687,672.01764,395.45465,758.7442,433.26947,**********,* * * * * * * * * *
2546,0,0.38738883,419.3033,387.4478,454.1757,412.122,*,*
2547,0,0.59924793,672.17645,395.16852,758.6978,432.34625,1234567890,١ ٢ ٣ ٤ ٥ ٦ ٧ ٨ ٩ ٠
2547,0,0.5073034,1119.6622,391.20526,1197.9288,440.67853,#,#
2548,0,0.5738181,671.00305,394.20862,756.6793,433.36682,***,* * *
2548,0,0.28510997,1103.1895,393.1604,1176.4731,439.73315,#,#
2549,0,0.4473773,669.9915,397.3305,758.3376,436.92035,000000,٠ ٠ ٠ ٠ ٠ ٠
2549,0,0.43010572,419.5929,385.77927,457.49988,412.86465,#,#
2550,0,0.49199936,673.0206,401.36652,759.1466,441.35614,５１７－３８５,５ １ ７ － ３ ８ ５
2551,0,0.46423498,673.0499,404.2484,758.2084,441.63086,３８９２３６,３ ８ ９ ２ ３ ６
2551,0,0.36087784,421.2315,396.8661,456.653,422.2389,#,#
2552,0,0.38138583,1062.9353,393.1335,1129.5535,433.31418,© 2023,©   ٢ ٠ ٢ ٣
2552,0,0.36993372,675.43726,403.39252,758.6997,441.112,ＳＨＯＥＮ,Ｓ Ｈ Ｏ Ｅ Ｎ
2552,0,0.35473698,421.68768,396.16504,458.17365,421.91528,#,#
2553,0,0.38311017,1062.9167,393.1233,1129.5608,433.33057,©,©
2553,0,0.36943728,675.4454,403.396,758.6967,441.09753,６００２５,６ ０ ０ ２ ５
2553,0,0.35447887,421.68765,396.162,458.1608,421.91418,#,#
2554,0,0.44294614,679.21985,404.2363,761.58826,440.51608,###,# # #
2554,0,0.41083753,423.3327,395.0333,462.31696,422.50345,M,M
2554,0,0.2906752,1058.8789,392.67755,1129.2866,430.44525,#,#
2555,0,0.42315865,679.8606,400.6969,764.50195,440.30847,3 8 9 2 3 5 6,٣   ٨   ٩   ٢   ٣   ٥   ٦
2556,0,0.33542278,678.52954,398.84497,764.6738,438.84827,６１１３６５,６ １ １ ３ ６ ５
2556,0,0.325526,1032.5712,390.98083,1095.6254,422.64148,#,#
2557,0,0.36833248,677.61536,400.03003,761.44116,439.27252,5 6,٥   ٦
2558,0,0.41156507,674.0099,401.1364,761.99426,440.79248,１２３３５８,１ ２ ３ ３ ５ ８
2559,0,0.5469343,675.6766,399.81152,761.0369,440.48816,６８１８３６６,６ ８ １ ８ ３ ６ ６
2559,0,0.39885953,1003.6798,388.57874,1067.3146,421.41455,#,#
2560,0,0.54982215,670.0154,400.3642,758.9487,440.85687,15,١ ٥
2560,0,0.32803848,993.2634,389.02716,1051.21,420.42206,©,©
2561,0,0.5481024,670.1853,401.28912,758.67004,440.91058,４２３３６８,４ ２ ３ ３ ６ ８
2562,0,0.47816187,673.4492,400.06198,760.13257,441.10458,８００２５３,８ ０ ０ ２ ５ ３
2562,0,0.2751767,981.6472,387.4132,1035.8943,417.46606,#,#
2563,0,0.4342682,672.88477,399.67847,759.6089,440.81177,２４０５,２ ４ ０ ５
2563,0,0.34849444,974.63354,386.1012,1036.8182,416.81653,NO.204,ن O . ٢ ٠ ٤
2564,0,0.56353086,670.0526,400.93768,755.67737,439.3338,１３１３２８５,１ ３ １ ３ ２ ８ ５
2565,0,0.4185263,668.1465,397.42224,754.7036,435.97852,1234567890,١ ٢ ٣ ٤ ٥ ٦ ٧ ٨ ٩ ٠
2565,0,0.36444193,415.677,386.8968,453.40845,413.0822,#,#
2565,0,0.2751321,956.68835,385.1479,1016.15784,412.08575,#,#
2566,0,0.35658887,667.38904,391.65292,754.6212,428.64816,###,# # #
2566,0,0.33549625,957.4304,374.45297,1007.6887,406.2346,***,* * *
2567,0,0.30574176,416.2611,380.34702,453.90192,406.22952,#,#
2567,0,0.26911733,669.51373,387.3238,755.13275,424.70148,BAR,ب ا ر
2567,0,0.256624,947.1428,368.19403,1000.20386,397.22906,#,#
2568,0,0.36990947,669.283,385.4937,754.75653,423.74103,ＳＵＺＵＫＩ,Ｓ Ｕ Ｚ Ｕ Ｋ Ｉ
2569,0,0.496532,661.50366,392.72284,749.9834,432.01587,ＧＨＺ３２８,Ｇ Ｈ Ｚ ３ ２ ８
2569,0,0.25379172,921.9043,365.80988,982.3286,394.89215,#,#
2570,0,0.41977823,654.1983,399.36087,741.9792,439.74173,ＨＡＶＥＬＯＣ,Ｈ Ａ Ｖ Ｅ Ｌ Ｏ Ｃ
2571,0,0.53921944,652.3008,398.04327,737.82446,437.0478,***********,* * * * * * * * * * *
2572,0,0.52312964,651.8843,396.0334,742.15576,436.15887,1234567890,١ ٢ ٣ ٤ ٥ ٦ ٧ ٨ ٩ ٠
2573,0,0.5197327,653.29987,395.7141,743.32465,434.44946,###,# # #
2573,0,0.31037566,397.87213,395.92334,435.95532,424.2082,#,#
2574,0,0.54937434,655.9007,393.02362,745.48444,432.31805,＃＃＃,＃ ＃ ＃
2575,0,0.5693196,659.95154,393.6642,747.7816,432.45352,__________,_ _ _ _ _ _ _ _ _ _
2575,0,0.28911054,891.6535,368.67096,944.27374,397.40326,#,#
2576,0,0.45420173,662.06287,393.0108,748.80945,428.78876,________,_ _ _ _ _ _ _ _
2578,0,0.37016845,663.9456,392.60907,749.9161,429.28778,ＨＴＴＥＬ,Ｈ Ｔ Ｔ Ｅ Ｌ
2579,0,0.47590834,664.27356,394.84824,749.92126,433.7233,７８７８５,７ ８ ７ ８ ５
2580,0,0.3495681,661.25476,394.31946,749.1925,433.38257,８８２８６,８ ８ ２ ８ ６
2580,0,0.25588295,400.9109,385.54944,441.4724,413.28674,#,#
2581,0,0.4206389,660.2889,393.28607,749.6424,433.1966,000 000,٠ ٠ ٠   ٠ ٠ ٠
2582,0,0.32377198,666.6587,393.61575,753.50977,433.35873,1234567890,١ ٢ ٣ ٤ ٥ ٦ ٧ ٨ ٩ ٠
2583,0,0.34521154,667.8976,393.60397,758.1012,435.816,**,* *
2584,0,0.32151157,664.9117,394.82986,753.3112,436.85324,ＡＮＴＩＦＩＣＨＥＤ,Ａ Ｎ Ｔ Ｉ Ｆ Ｉ Ｃ Ｈ Ｅ Ｄ
2585,0,0.27230376,664.0514,399.00818,750.8801,439.307,123456789101112,١ ٢ ٣ ٤ ٥ ٦ ٧ ٨ ٩ ١ ٠ ١ ١ ١ ٢
2586,0,0.4995737,664.4178,403.1185,752.25336,442.65085,***,* * *
2587,0,0.540396,666.99426,408.46146,756.125,446.88052,*** ******,* * *   * * * * * *
2587,0,0.3079575,254.08667,654.15283,310.143,699.66943,#,#
2588,0,0.59154236,668.3019,406.49426,755.5697,444.25403,***,* * *
2588,0,0.50869566,253.25858,652.7407,308.39194,695.1815,#,#
2588,0,0.29487664,406.04932,395.8327,444.40112,422.2738,!,!
2589,0,0.45719728,248.72115,649.02057,308.79572,692.4357,#,#
2589,0,0.35798824,667.8136,400.14154,758.1498,441.60663,1234567890,١ ٢ ٣ ٤ ٥ ٦ ٧ ٨ ٩ ٠
2590,0,0.47825325,669.8213,399.09427,762.25757,441.96725,6 1 0 8,٦   ١   ٠   ٨
2591,0,0.33848307,670.39703,398.21997,761.8332,441.29822,1234567890,١ ٢ ٣ ٤ ٥ ٦ ٧ ٨ ٩ ٠
2592,0,0.31900597,243.99731,646.0303,303.97882,687.19446,#,#
2594,0,0.40384054,669.6892,397.94348,760.58545,440.78003,６１８７０３２５８,６ １ ８ ７ ０ ３ ２ ５ ８
2594,0,0.26948047,238.96304,648.49036,305.24387,689.9955,#,#
2595,0,0.43870252,667.6863,397.57086,761.81067,440.3064,ＳＨＡＴＥＬ,Ｓ Ｈ Ａ Ｔ Ｅ Ｌ
2596,0,0.3932567,666.9469,400.03363,758.9691,440.7552,８４０１２５１８,８ ４ ０ １ ２ ５ １ ８
2597,0,0.42318472,667.49243,399.75708,759.5127,440.6443,S,س
2598,0,0.5304109,669.62366,397.76947,762.30774,440.99695,HAIER,هـ ا I ع ر
2601,0,0.43461993,674.9313,390.59442,768.3805,432.1176,８００５２３６５,８ ０ ０ ５ ２ ３ ６ ５
2603,0,0.36188766,671.5492,399.38477,764.577,441.3352,_____________,_ _ _ _ _ _ _ _ _ _ _ _ _
2604,0,0.62660044,670.0182,406.97217,763.73425,446.3556,261 026,٢ ٦ ١   ٠ ٢ ٦
2605,0,0.62246156,668.6273,407.21384,761.12805,447.78323,__________,_ _ _ _ _ _ _ _ _ _
2606,0,0.5861639,668.5998,410.1253,764.9473,450.9145,76-80-86,٧ ٦ - ٨ ٠ - ٨ ٦
2607,0,0.59711814,671.2853,410.50198,766.6637,450.7853,２５００４８,２ ５ ０ ０ ４ ８
2608,0,0.63932407,669.5273,410.5691,764.62787,450.6847,563 000,٥ ٦ ٣   ٠ ٠ ٠
2609,0,0.50820655,667.23236,408.69907,763.29047,447.77487,６７１００２８,６ ７ １ ０ ０ ２ ８
2609,0,0.3015203,388.98767,387.11462,429.38916,416.95752,#,#
2610,0,0.68374085,670.4275,407.4524,762.88794,446.93713,２６０１６８,２ ６ ０ １ ６ ８
2610,0,0.2861825,390.63715,389.19208,425.58978,415.98248,#,#
2611,0,0.70829654,672.34705,406.59515,767.2113,448.42413,１３７５９０１２,１ ３ ７ ５ ９ ０ １ ２
2611,0,0.36741346,391.23798,390.05353,432.4062,416.6723,#,#
2612,0,0.62950265,673.96655,407.05,769.822,446.6391,７６７６０２１８,７ ６ ７ ６ ０ ２ １ ８
2612,0,0.31209108,392.7877,389.61246,433.30087,416.52518,#,#
2613,0,0.6674526,671.46045,409.68225,769.75903,449.8629,１３７７１６８２１８,１ ３ ７ ７ １ ６ ８ ２ １ ８
2613,0,0.28031152,394.12793,389.88507,437.49475,418.33124,#,#
2614,0,0.67397255,673.44324,410.06067,771.45325,452.45746,６７１００２８,６ ７ １ ０ ０ ２ ８
2614,0,0.30634323,185.79916,493.17163,237.6666,526.145,#,#
2615,0,0.56148726,678.47656,411.1949,773.92065,450.5647,１３６３７８５８２９,１ ３ ６ ３ ７ ８ ５ ８ ２ ９
2615,0,0.31436795,397.52582,394.88464,439.23615,422.48718,#,#
2616,0,0.4038026,682.6062,409.81854,778.385,446.65216,５７１３２８５８,５ ７ １ ３ ２ ８ ５ ８
2616,0,0.28465113,198.25653,497.3725,243.62042,526.9842,#,#
2617,0,0.61074483,686.0281,402.43286,782.7942,443.9508,６３１７８２８５,６ ３ １ ７ ８ ２ ８ ５
2618,0,0.56748325,690.8384,398.71277,790.0376,441.2046,１３６７１５２８,１ ３ ６ ７ １ ５ ２ ８
2618,0,0.3520276,1186.6244,408.42697,1271.649,457.09732,ENGR,ع ن ق ر
2618,0,0.29083902,409.66486,385.01105,451.71722,409.61713,_________________________,_ _ _ _ _ _ _ _ _ _ _ _ _ _ _ _ _ _ _ _ _ _ _ _ _
2619,0,0.6146077,694.92444,396.06238,795.11707,441.48224,８７１６３８５２,８ ７ １ ６ ３ ８ ５ ２
2619,0,0.46692133,1103.2405,397.14676,1275.2185,458.50858,"<doc>     2011 
     5L </doc>","< d o c >           ٢ ٠ ١ ١   
           ٥ ل   < / d o c >"
2620,0,0.5127028,1178.3258,404.17227,1267.9664,449.36844,ELITE ETC.,ع ل I ط ع   ع ط C .
2620,0,0.4892008,699.1826,395.18817,799.7628,440.32123,２３２８５,２ ３ ２ ８ ５
2620,0,0.25171605,418.5373,379.67776,458.36896,407.05612,#,#
2621,0,0.68018067,704.7965,393.27353,804.0521,436.29092,１８２８５８,１ ８ ２ ８ ５ ８
2621,0,0.4621627,1172.0322,402.31738,1263.8567,447.12878,ELITE LUBES,ع ل I ط ع   ل و ب ع س
2621,0,0.27935517,420.5213,378.62625,459.49158,405.98538,!,!
2622,0,0.61736375,716.03796,390.57712,818.2689,432.308,６８－６８８,６ ８ － ６ ８ ８
2622,0,0.2899425,1111.3057,392.07513,1272.6582,444.69257,***,* * *
2622,0,0.26673707,431.11014,372.2829,470.58487,402.08636,#,#
2623,0,0.61077684,730.8806,382.9488,835.4043,427.4355,ＨＯＴＥＬ,Ｈ Ｏ Ｔ Ｅ Ｌ
2623,0,0.3797458,450.6302,368.5796,491.71002,394.24536,#,#
2624,0,0.41287503,747.52594,376.4214,851.5982,418.4823,ＨＡＮＧＰＡＲＫ,Ｈ Ａ Ｎ Ｇ Ｐ Ａ Ｒ Ｋ
2624,0,0.3142286,463.62646,359.11188,501.7541,385.80585,"I'm sorry, but I'm unable to provide the text from this image as it is too blurry and indistinct. If you have a different image or need assistance with something else, feel free to ask!","I ' m   s o r r y ,   b u t   I ' m   u n a b l e   t o   p r o v i d e   t h e   t e x t   f r o m   t h i s   i m a g e   a s   i t   i s   t o o   b l u r r y   a n d   i n d i s t i n c t .   I f   y o u   h a v e   a   d i f f e r e n t   i m a g e   o r   n e e d   a s s i s t a n c e   w i t h   s o m e t h i n g   e l s e ,   f e e l   f r e e   t o   a s k !"
2625,0,0.5835204,761.78076,367.75668,865.3889,411.02292,ＢＵＬＬ公寓,Ｂ Ｕ Ｌ Ｌ 公 寓
2626,0,0.53197044,775.1511,365.08063,875.3967,405.59747,１３７０８２８６５８,１ ３ ７ ０ ８ ２ ８ ６ ５ ８
2627,0,0.5872581,782.01306,362.61768,888.0591,406.86304,ＨＡＮＤＥＲＳＯＮ,Ｈ Ａ Ｎ Ｄ Ｅ Ｒ Ｓ Ｏ Ｎ
2628,0,0.6457995,791.83057,364.72748,899.5167,409.0251,ＳＵＺ－２３５Ｂ,Ｓ Ｕ Ｚ － ２ ３ ５ Ｂ
2629,0,0.47386315,515.1569,339.71066,553.9183,364.14133,#,#
2629,0,0.43909758,800.0652,366.21057,906.84985,408.318,２０１３年８月,２ ０ １ ３ 年 ８ 月
2630,0,0.5136923,800.42413,360.5349,909.6512,406.0177,５７０６２８１,５ ７ ０ ６ ２ ８ １
2630,0,0.4595974,517.0144,334.86896,558.7041,361.32605,#,#
2631,0,0.46500358,797.8186,368.28033,905.30396,411.2826,６００２３２５０,６ ０ ０ ２ ３ ２ ５ ０
2631,0,0.35605407,514.3041,341.01093,552.72815,363.01996,#,#
2632,0,0.5587244,794.87134,375.42426,903.94775,419.6715,１５２３８２６５０,１ ５ ２ ３ ８ ２ ６ ５ ０
2632,0,0.40880355,510.68393,347.4803,553.2936,374.32397,#,#
2633,0,0.59962386,792.04395,380.6209,901.62646,424.83636,１３２８８２５１,１ ３ ２ ８ ８ ２ ５ １
2633,0,0.4454452,509.16733,351.88315,552.88025,378.16464,!,!
2634,0,0.4088017,790.8424,387.19135,900.22546,429.63898,１３７１８６２８,１ ３ ７ １ ８ ６ ２ ８
2634,0,0.36648032,506.71002,356.46762,546.45685,379.1567,#,#
2635,0,0.6201987,788.9778,391.3783,896.1677,434.6488,１３７３４２８５１６９,１ ３ ７ ３ ４ ２ ８ ５ １ ６ ９
2636,0,0.6627905,786.24744,392.5041,892.4127,434.3982,７５７８０２９,７ ５ ７ ８ ０ ２ ９
2636,0,0.35240772,1162.3843,398.3825,1230.2891,430.29364,!,!
2637,0,0.6642173,786.2558,392.508,892.41925,434.40045,７５７８０２８,７ ５ ７ ８ ０ ２ ８
2637,0,0.3503127,1162.3865,398.38928,1230.3403,430.30048,#,#
2638,0,0.6578384,780.9767,391.8489,887.463,434.34103,７６７８０２８,７ ６ ７ ８ ０ ２ ８
2638,0,0.46174031,493.26093,356.78247,535.8304,386.31335,MEHR,M ع هـ ر
2639,0,0.61758155,777.81903,392.63354,883.3305,434.12732,１３７８２５２４,１ ３ ７ ８ ２ ５ ２ ４
2639,0,0.3690401,492.0462,357.81653,527.98846,383.599,#,#
2640,0,0.6587687,774.9767,391.80353,881.6913,434.91827,７６７－０２２周,７ ６ ７ － ０ ２ ２ 周
2640,0,0.33406192,489.14966,358.93097,525.46716,384.0053,MEHR,M ع هـ ر
2641,0,0.64664936,774.6345,390.12103,882.06445,433.37433,７６７８０２２,７ ６ ７ ８ ０ ２ ２
2641,0,0.31205156,489.9984,358.1142,525.68787,379.57855,#,#
2642,0,0.6952697,769.9793,391.92017,875.9715,435.5348,７６７８０２８,７ ６ ７ ８ ０ ２ ８
2642,0,0.3314568,486.48926,358.30637,522.5684,380.5889,#,#
2642,0,0.2583183,1111.8738,389.42844,1182.199,425.5477,*,*
2643,0,0.66870284,768.0934,393.0747,874.15686,434.97522,７６７８６２５日,７ ６ ７ ８ ６ ２ ５ 日
2643,0,0.36462685,482.70215,358.16003,519.4672,383.99817,#,#
2644,0,0.6433617,763.8478,396.61383,871.77966,440.48358,６７１４２８２８,６ ７ １ ４ ２ ８ ２ ８
2644,0,0.40139446,480.75824,364.5462,519.9976,389.78973,ME,M ع
2645,0,0.58097994,761.13477,396.60736,868.7012,441.57135,７６７１００２５,７ ６ ７ １ ０ ０ ２ ５
2645,0,0.33473128,473.41925,363.07843,516.748,389.72882,MR,M ر
2646,0,0.67604494,758.8297,396.51862,864.7816,442.06842,７６７－２３５８,７ ６ ７ － ２ ３ ５ ８
2647,0,0.44737917,753.7362,394.91327,863.906,439.6919,１３７１６２８２５９,１ ３ ７ １ ６ ２ ８ ２ ５ ９
2647,0,0.29819012,470.59076,364.1845,507.06158,388.55243,ME,M ع
2647,0,0.29306778,257.81598,461.24683,307.71832,490.90918,X,ص
2648,0,0.64427626,755.84155,392.77023,862.7268,435.6107,７６７８０２８,７ ６ ７ ８ ０ ２ ８
2648,0,0.30230707,468.8568,364.0504,505.68427,388.70215,ME,M ع
2648,0,0.25730717,256.9048,460.18256,307.72107,491.29608,#,#
2649,0,0.53258276,753.5532,392.636,859.96387,434.2644,１３７４２８３５８０２８,１ ３ ７ ４ ２ ８ ３ ５ ８ ０ ２ ８
2649,0,0.34394228,464.48816,364.05447,502.76,390.8353,ME,M ع
2649,0,0.33875185,256.3188,459.89282,307.4931,490.4505,X,ص
2650,0,0.57004994,749.0913,387.14716,859.4022,430.90448,７６７１８２８５２,７ ６ ７ １ ８ ２ ８ ５ ２
2650,0,0.29114008,464.55304,355.21857,503.17383,380.8753,#,#
2650,0,0.25971147,255.47787,451.1551,306.12845,481.94843,X,ص
2651,0,0.5789574,746.4341,386.23358,852.9946,426.29596,７６７８０２９６,７ ６ ７ ８ ０ ２ ９ ６
2651,0,0.39285442,458.9275,351.61703,503.12158,377.3585,#,#
2652,0,0.4452987,745.0454,385.7434,852.0659,425.7923,７６７８ＤＤ２５,７ ６ ７ ８ Ｄ Ｄ ２ ５
2652,0,0.2506005,251.7285,440.03412,310.22375,473.17133,#,#
2653,0,0.52260596,747.0229,383.53076,851.8012,421.57495,７６７８００２,７ ６ ７ ８ ０ ０ ２
2653,0,0.32415327,251.35037,436.47833,303.72354,469.63416,#,#
2654,0,0.5075697,741.7662,378.4869,850.58966,420.7368,７６１７,７ ６ １ ７
2654,0,0.26678377,457.6733,339.64142,493.99295,364.8371,#,#
2655,0,0.41407213,449.02243,340.61273,488.2991,371.4627,PEE,P ع ع
2655,0,0.32341713,730.40173,386.84467,840.4757,425.45917,品牌热线：,品 牌 热 线 ：
2657,0,0.37267888,388.50732,357.74496,425.64355,382.4279,PHOTO,P هـ O ط O
2657,0,0.36042574,675.73315,398.34137,782.70654,441.54486,ＥＨＩＥＥＮ,Ｅ Ｈ Ｉ Ｅ Ｅ Ｎ
2658,0,0.44270146,672.59534,393.9633,777.8883,434.40268,电话：８８２３６９,电 话 ： ８ ８ ２ ３ ６ ９
2658,0,0.3802518,384.50336,357.2174,422.72406,383.30347,MISTLETOE,M I س ط ل ع ط O ع
2659,0,0.5375983,650.50336,389.09515,759.60114,431.58722,电话：６２８５６,电 话 ： ６ ２ ８ ５ ６
2659,0,0.2782995,364.52667,356.67664,406.28485,380.3676,*,*
2660,0,0.5690268,639.73267,384.5252,745.20337,426.49835,８００６５５,８ ０ ０ ６ ５ ５
2660,0,0.4064694,347.36816,356.70935,389.0321,380.6557,*,*
2661,0,0.5385024,635.42944,376.72787,742.61255,419.37772,８００６３５２,８ ０ ０ ６ ３ ５ ２
2662,0,0.6342697,629.63416,368.73804,735.8102,410.85327,６８－６９号。,６ ８ － ６ ９ 号 。
2662,0,0.3273652,336.33722,338.92838,376.8022,366.05032,#,#
2663,0,0.4241658,328.41577,331.32666,374.77563,358.3772,SNEE,س ن ع ع
2663,0,0.38196853,620.1743,361.3717,730.57446,407.65186,２０１３,２ ０ １ ３
2664,0,0.32093987,313.98645,323.713,358.59296,350.66846,THE,ط هـ ع
2665,0,0.59191626,596.8335,360.07483,705.3767,403.18585,１３６５８,１ ３ ６ ５ ８
2666,0,0.66981,601.29346,357.56787,712.095,404.0681,ＢＡＤＥＳＰＥＣＩＡＬ,Ｂ Ａ Ｄ Ｅ Ｓ Ｐ Ｅ Ｃ Ｉ Ａ Ｌ
2667,0,0.5247733,610.3402,369.20108,720.8224,413.82047,１３８９３２５６４,１ ３ ８ ９ ３ ２ ５ ６ ４
2667,0,0.2679272,324.37317,321.53983,365.49902,347.79733,_________________,_ _ _ _ _ _ _ _ _ _ _ _ _ _ _ _ _
2668,0,0.59038925,612.02795,374.51385,723.37146,418.9079,２６７８０３２,２ ６ ７ ８ ０ ３ ２
2668,0,0.3471595,325.20575,320.78394,368.11432,347.56738,#,#
2669,0,0.6693203,614.24365,372.25482,723.39014,414.4267,７６７０１９２３８,７ ６ ７ ０ １ ９ ２ ３ ８
2669,0,0.30792302,326.8354,315.3533,368.0396,341.9108,#,#
2670,0,0.6418458,617.8396,367.45117,731.0051,413.08545,７６７０８２６８,７ ６ ７ ０ ８ ２ ６ ８
2671,0,0.6164638,625.8563,366.9457,737.8922,411.39175,７８７８０２６,７ ８ ７ ８ ０ ２ ６
2672,0,0.67512524,629.74335,365.98914,743.3199,411.91943,７６７８０４２,７ ６ ７ ８ ０ ４ ２
2673,0,0.6036204,626.79895,363.13608,742.14124,411.99026,７６７８００１,７ ６ ７ ８ ０ ０ １
2674,0,0.6087033,618.8452,361.1139,734.9944,410.25122,７５１－３３１－８０２,７ ５ １ － ３ ３ １ － ８ ０ ２
2675,0,0.5515178,610.35736,359.41443,725.8597,407.57642,７６７８６０２,７ ６ ７ ８ ６ ０ ２
2675,0,0.37774017,322.39886,307.43442,364.09625,337.79892,***,* * *
2676,0,0.6944099,609.2007,352.61627,722.57324,399.1507,２７１８２３１１,２ ７ １ ８ ２ ３ １ １
2676,0,0.42169228,320.77313,305.01154,361.2132,330.3913,#,#
2677,0,0.569244,615.61285,348.20358,734.54706,395.535,７６７８０４８,７ ６ ７ ８ ０ ４ ８
2678,0,0.68315244,633.10815,335.32217,749.1633,384.80246,２６８０６５４,２ ６ ８ ０ ６ ５ ４
2679,0,0.71427727,643.69556,329.7705,761.0043,380.02344,７５２０６３２,７ ５ ２ ０ ６ ３ ２
2679,0,0.29651478,356.56464,292.68347,393.65686,316.99792,#,#
2680,0,0.7269391,644.20197,334.89902,762.0434,385.05197,７５７００６０１,７ ５ ７ ０ ０ ６ ０ １
2680,0,0.32588395,356.8096,293.72977,397.34738,321.525,#,#
2681,0,0.6984194,632.37024,339.29047,750.6393,389.04523,１３７１．３３６５,１ ３ ７ １ ． ３ ３ ６ ５
2682,0,0.6703221,626.1852,342.1848,745.2645,392.0514,１３７０１２３２６９,１ ３ ７ ０ １ ２ ３ ２ ６ ９
2682,0,0.37183204,338.13788,291.47308,377.0008,318.02814,#,#
2683,0,0.6506372,619.2667,350.97113,739.30554,399.83466,３８７１０２６,３ ８ ７ １ ０ ２ ６
2683,0,0.263349,328.59106,300.95337,371.13293,327.49213,#,#
2684,0,0.5412341,617.22375,357.78165,740.4691,411.18198,７６７８０４,７ ６ ７ ８ ０ ４
2684,0,0.27317846,326.25867,314.71893,369.58704,342.84607,#,#
2685,0,0.584096,618.8529,371.2597,740.84143,421.09503,８７６－８８８,８ ７ ６ － ８ ８ ８
2685,0,0.4234173,327.12054,330.2951,371.33636,358.89056,<doc>  </doc>,< d o c >     < / d o c >
2686,0,0.52901673,617.0539,379.82196,740.6458,427.529,７６７－８６２－５６,７ ６ ７ － ８ ６ ２ － ５ ６
2686,0,0.37162757,325.39398,340.6009,364.8399,368.68268,#,#
2687,0,0.59720445,615.7228,381.77625,738.37463,433.7154,１３１４７８０６９,１ ３ １ ４ ７ ８ ０ ６ ９
2687,0,0.3656885,324.70245,347.2789,363.6435,373.7147,#,#
2688,0,0.61578125,610.7999,387.51917,733.578,437.58386,１３７８０３２５１６９,１ ３ ７ ８ ０ ３ ２ ５ １ ６ ９
2689,0,0.67518514,604.7868,390.69492,725.8538,442.8193,１３１４７８７０ＤＤ８,１ ３ １ ４ ７ ８ ７ ０ Ｄ Ｄ ８
2690,0,0.5899577,600.0335,388.97928,725.58124,442.99063,７６７０,７ ６ ７ ０
2691,0,0.58472884,598.6733,385.8886,726.41425,437.41278,１３７０,１ ３ ７ ０
2692,0,0.64686203,597.2278,381.6759,722.70776,431.71985,１３７４．２３２６５,１ ３ ７ ４ ． ２ ３ ２ ６ ５
2692,0,0.46524462,301.26175,338.13025,343.6749,365.36145,#,#
2693,0,0.6473847,592.23065,375.79333,717.9123,426.9308,７６７０,７ ６ ７ ０
2694,0,0.67654204,588.01245,367.31024,715.8967,420.83588,７３７０,７ ３ ７ ０
2694,0,0.2886115,294.0151,313.99097,335.80252,342.3877,#,#
2695,0,0.62880236,592.24554,363.1854,718.716,412.90945,１５７００４８,１ ５ ７ ０ ０ ４ ８
2695,0,0.46525028,294.28894,308.07336,336.07874,333.33276,#,#
2696,0,0.3228103,609.6322,364.8443,737.1234,413.12445,８３１．２５７０,８ ３ １ ． ２ ５ ７ ０
2697,0,0.3594875,632.61816,362.96893,760.239,412.34955,1301.2,١ ٣ ٠ ١ . ٢
2698,0,0.5515126,647.0436,367.1548,776.54944,420.39246,１３８００２５０２９８,１ ３ ８ ０ ０ ２ ５ ０ ２ ９ ８
2701,0,0.4592149,715.3641,313.87524,851.3271,369.6316,ＮＯＴＥＢＯＯＫ,Ｎ Ｏ Ｔ Ｅ Ｂ Ｏ Ｏ Ｋ
2702,0,0.2811329,725.286,312.52652,864.30225,372.92264,ＡＮＴＩＴＵＥ,Ａ Ｎ Ｔ Ｉ Ｔ Ｕ Ｅ
2703,0,0.46110854,723.55566,324.36957,860.61304,384.6848,１３１２７８２,１ ３ １ ２ ７ ８ ２
2703,0,0.42527792,89.52081,420.89667,148.86823,466.23175,#,#
2704,0,0.43910977,710.1042,341.3567,848.0948,403.47266,ＨＩＧＨＴＥＬ,Ｈ Ｉ Ｇ Ｈ Ｔ Ｅ Ｌ
2704,0,0.3181398,77.12738,434.7469,139.21051,490.30792,#,#
2705,0,0.49666604,706.31256,363.28033,839.31,419.24237,ＩＨＯＴＥＬ,Ｉ Ｈ Ｏ Ｔ Ｅ Ｌ
2705,0,0.37450695,81.79738,459.39075,138.58078,503.83502,ＰＡＲＫＩＮＧ,Ｐ Ａ Ｒ Ｋ Ｉ Ｎ Ｇ
2706,0,0.38525358,85.245895,472.52786,138.77554,511.20752,ＰＡＴＥＬ,Ｐ Ａ Ｔ Ｅ Ｌ
2706,0,0.34703255,700.17957,369.6601,834.6378,428.66644,１２８９０９２５,１ ２ ８ ９ ０ ９ ２ ５
2707,0,0.5451798,698.594,377.02838,832.069,433.2834,ＨＯＴＥＬ,Ｈ Ｏ Ｔ Ｅ Ｌ
2707,0,0.44736362,90.19586,479.34576,146.2001,523.9733,ＰＡＴＥＬ,Ｐ Ａ Ｔ Ｅ Ｌ
2708,0,0.45784447,694.45325,385.3813,829.192,443.19757,ＨＡＩＬＡＩＴ,Ｈ Ａ Ｉ Ｌ Ａ Ｉ Ｔ
2709,0,0.5242486,691.85406,395.88843,825.5981,454.38867,１３７３７８６,１ ３ ７ ３ ７ ８ ６
2710,0,0.5184726,685.58936,402.42242,818.7046,460.98224,８７８１３９２８６８,８ ７ ８ １ ３ ９ ２ ８ ６ ８
2710,0,0.5146728,92.931854,506.79468,145.28,544.40894,I,I
2711,0,0.6449193,679.8789,407.8571,813.6948,463.4243,１２７１２３１８８,１ ２ ７ １ ２ ３ １ ８ ８
2711,0,0.42253327,93.77338,507.0871,144.24042,544.1888,ＧＧ,Ｇ Ｇ
2712,0,0.6592424,676.4629,408.15472,809.4702,463.72455,２０１３,２ ０ １ ３
2712,0,0.2563591,93.92267,505.28406,144.15369,543.819,RATES,ر ا ط ع س
2713,0,0.65038186,669.24677,408.82678,802.8005,465.9403,１３７４５３２８６８,１ ３ ７ ４ ５ ３ ２ ８ ６ ８
2713,0,0.34265056,384.17404,378.48572,423.82913,406.59668,#,#
2714,0,0.6282161,667.50525,407.13647,797.82935,462.47766,７７０３２８８,７ ７ ０ ３ ２ ８ ８
2714,0,0.390297,93.111404,500.27026,145.98973,539.22314,＃＃＃,＃ ＃ ＃
2715,0,0.4439973,662.69995,402.00912,793.58887,455.70273,7 8 9 0 6 5,٧   ٨   ٩   ٠   ٦   ٥
2715,0,0.27247906,376.12897,369.99268,413.13135,398.5935,#,#
2716,0,0.56146467,660.6089,393.73297,792.3013,447.66693,７７０７７,７ ７ ０ ７ ７
2716,0,0.31752038,374.60718,362.5698,410.83423,390.58377,#,#
2717,0,0.49285626,658.9998,385.86304,791.05585,443.09998,１３７４５２８０６８,１ ３ ７ ４ ５ ２ ８ ０ ６ ８
2717,0,0.27586305,375.01703,356.5681,411.12396,381.80408,#,#
2718,0,0.54596335,657.1282,381.28455,790.4265,439.98462,７７１５３２６８,７ ７ １ ５ ３ ２ ６ ８
2719,0,0.5851009,654.31036,378.16595,789.38824,436.9444,７６７１５３５８,７ ６ ７ １ ５ ３ ５ ８
2720,0,0.5898451,651.76587,378.2519,785.4807,435.82794,１３７１５５６８,１ ３ ７ １ ５ ５ ６ ８
2721,0,0.5899157,651.77185,378.25586,785.4752,435.82483,１３７１５５８６８,１ ３ ７ １ ５ ５ ８ ６ ８
2722,0,0.59292954,649.2091,380.04944,784.09045,438.6364,１３７１１３５８６,１ ３ ７ １ １ ３ ５ ８ ６
2723,0,0.560681,644.0934,382.96274,778.9695,438.40756,８４５１５１６１８,８ ４ ５ １ ５ １ ６ １ ８
2724,0,0.47182018,640.8342,383.62982,775.60803,438.72498,7 7 1 3 5 5 8,٧   ٧   ١   ٣   ٥   ٥   ٨
2725,0,0.64399886,639.94855,380.71655,773.11444,437.05725,７６７－００４８,７ ６ ７ － ０ ０ ４ ８
2726,0,0.5256161,637.30585,379.7298,772.1889,433.55182,１３１７４５３１８６,１ ３ １ ７ ４ ５ ３ １ ８ ６
2727,0,0.53085595,637.8694,379.08554,769.1658,433.70602,７６７－５５１－８,７ ６ ７ － ５ ５ １ － ８
2728,0,0.5356908,0.0,466.74408,39.15999,514.9848,ACCA,ا C C ا
2728,0,0.49278262,634.6399,377.9817,768.9263,434.1704,７３７１３５１８,７ ３ ７ １ ３ ５ １ ８
2729,0,0.45069483,634.0432,379.201,769.24805,435.72656,１３７８５１２８,１ ３ ７ ８ ５ １ ２ ８
2729,0,0.42528582,0.0,469.7974,43.66819,513.78125,#,#
2731,0,0.51525,640.76483,391.36737,771.7548,445.0346,７－１－２－３－４－５－６－７－８－９,７ － １ － ２ － ３ － ４ － ５ － ６ － ７ － ８ － ９
2732,0,0.52117705,642.2263,382.25162,777.7483,440.68936,７３７１５５１６,７ ３ ７ １ ５ ５ １ ６
2732,0,0.4809053,2.5605927,464.66284,70.35855,509.4867,１３－４７２Ｃ,１ ３ － ４ ７ ２ Ｃ
2732,0,0.2686849,363.214,347.4644,399.48376,374.36533,*,*
2733,0,0.5537546,647.1755,373.71417,782.4052,431.17126,１３７２７３５５５８,１ ３ ７ ２ ７ ３ ５ ５ ５ ８
2734,0,0.51320106,646.6434,369.91656,784.3077,430.81122,７６７１,７ ６ ７ １
2735,0,0.54749453,646.6826,369.99597,783.9324,430.10632,７３７－５５１,７ ３ ７ － ５ ５ １
2736,0,0.5819786,648.04285,370.83704,785.25415,430.9668,７６７０,７ ６ ７ ０
2736,0,0.27920976,33.347607,448.7234,103.39259,490.55853,７７８１４６３,７ ７ ８ １ ４ ６ ３
2737,0,0.55481696,648.12646,375.0185,784.7942,432.40924,7 6 0 0,٧   ٦   ٠   ٠
2737,0,0.2833902,38.002457,449.07483,105.273834,492.12024,７８１ＡＧＥＪ,７ ８ １ Ａ Ｇ Ｅ Ｊ
2738,0,0.6588573,646.8913,378.87854,784.4184,439.36365,7 6 7 0 0 8,٧   ٦   ٧   ٠   ٠   ٨
2738,0,0.54106927,25.50763,450.4895,106.75865,496.852,70871632,٧ ٠ ٨ ٧ ١ ٦ ٣ ٢
2738,0,0.287669,18.322811,446.3452,115.25308,502.72125,7081 6GJ,٧ ٠ ٨ ١   ٦ ق ح
2739,0,0.44176283,644.6469,396.04147,775.6258,449.89932,７６７１－６８５４,７ ６ ７ １ － ６ ８ ５ ４
2740,0,0.46262714,637.443,410.28143,772.1819,466.56525,７６７１－８６６８,７ ６ ７ １ － ８ ６ ６ ８
2741,0,0.7005568,636.3439,416.16608,770.0669,475.2776,１２１５７００４８,１ ２ １ ５ ７ ０ ０ ４ ８
2742,0,0.66990894,637.8589,415.53467,769.9646,471.2403,１３７１３５８６０４８,１ ３ ７ １ ３ ５ ８ ６ ０ ４ ８
2743,0,0.55990773,641.84644,413.10022,775.63806,465.24744,７６７１００８,７ ６ ７ １ ０ ０ ８
2744,0,0.53946996,642.4773,412.8393,774.80945,464.71796,７５７０,７ ５ ７ ０
2744,0,0.31256443,60.289467,445.37885,119.435814,478.02087,V-AO85,ى - ا O ٨ ٥
2745,0,0.65936744,639.73047,414.05396,772.69727,466.04382,７５７１００５,７ ５ ７ １ ０ ０ ５
2746,0,0.6091285,639.13367,414.40717,772.7217,466.40192,１．１７１－２３３０１６,１ ． １ ７ １ － ２ ３ ３ ０ １ ６
2747,0,0.666943,636.2372,411.79657,770.6737,468.15137,１３７４２３１６８,１ ３ ７ ４ ２ ３ １ ６ ８
2747,0,0.27047992,363.9405,359.81943,402.43976,390.31357,Www.,W w w .
2748,0,0.6577744,636.47,416.8203,768.74243,469.7213,７５７－３２５６,７ ５ ７ － ３ ２ ５ ６
2749,0,0.6448264,634.22156,416.56915,767.93054,471.6424,１３７４３２５８６,１ ３ ７ ４ ３ ２ ５ ８ ６
2750,0,0.67247164,632.33813,415.5077,765.66174,470.34485,１．１７１２３５８６,１ ． １ ７ １ ２ ３ ５ ８ ６
2751,0,0.6532237,634.30725,412.545,768.4271,467.07913,７５７０,７ ５ ７ ０
2752,0,0.65729725,633.0386,411.81104,767.2871,467.6615,1.37 2.35 0.00,١ . ٣ ٧   ٢ . ٣ ٥   ٠ . ٠ ٠
2753,0,0.66857797,631.45276,417.22253,761.5028,471.52423,７５７１－２３２８,７ ５ ７ １ － ２ ３ ２ ８
2753,0,0.42620283,85.320984,458.00305,139.0169,492.3025,７－Ａ１３２５,７ － Ａ １ ３ ２ ５
2754,0,0.64104146,628.0205,419.6653,759.2412,474.7822,１３７４３５２８０８,１ ３ ７ ４ ３ ５ ２ ８ ０ ８
2754,0,0.41823906,84.749374,460.73358,146.62436,494.69196,７－Ａ）２５,７ － Ａ ） ２ ５
2755,0,0.647764,625.89624,420.33417,757.85535,477.3871,１．１７４．２５３８,１ ． １ ７ ４ ． ２ ５ ３ ８
2755,0,0.39498717,88.3685,462.52313,145.39919,496.14917,7081AGU,٧ ٠ ٨ ١ ا ق و
2756,0,0.6356152,623.5989,425.37622,755.3274,478.8806,１．１７４５３５８２,１ ． １ ７ ４ ５ ３ ５ ８ ２
2757,0,0.6283455,623.72815,426.1944,754.2706,478.8028,７６２１,７ ６ ２ １
2758,0,0.5941374,622.3511,427.70227,753.5974,479.83093,７６２－２０２８,７ ６ ２ － ２ ０ ２ ８
2758,0,0.31307328,97.9189,463.52155,155.169,493.7876,＃＃＃,＃ ＃ ＃
2759,0,0.65084034,622.36084,429.8971,753.5963,483.12537,７６２１ＤＯＸ,７ ６ ２ １ Ｄ Ｏ Ｘ
2759,0,0.3540528,108.16353,464.8952,153.9521,492.90472,I'M SORRY,I ' M   س O ر ر Y
2760,0,0.5763049,622.32544,434.83478,755.0513,489.29755,１３７１２３５８７６１,１ ３ ７ １ ２ ３ ５ ８ ７ ６ １
2761,0,0.5523619,623.30835,442.22528,756.3911,493.90973,７５２１,７ ５ ２ １
2762,0,0.6777994,619.6332,445.8238,752.28845,498.94244,７５７１．３３３３３,７ ５ ７ １ ． ３ ３ ３ ３ ３
2763,0,0.6597822,619.308,445.3954,752.42175,499.62134,７５１－２３１ＤＤ２,７ ５ １ － ２ ３ １ Ｄ Ｄ ２
2764,0,0.6110522,620.7656,442.2343,752.4641,498.04034,７１１－３５１２,７ １ １ － ３ ５ １ ２
2765,0,0.52530175,621.2554,441.03802,752.38574,497.17487,７６１－３３５８,７ ６ １ － ３ ３ ５ ８
2765,0,0.31334713,357.03503,395.1376,393.28613,422.43784,#,#
2766,0,0.57109725,619.2754,442.64246,752.432,495.91565,７６７１ＤＤ２,７ ６ ７ １ Ｄ Ｄ ２
2767,0,0.5069161,619.0748,442.3012,752.1002,495.10797,７３１４－５３２５,７ ３ １ ４ － ５ ３ ２ ５
2768,0,0.6223266,620.7433,437.8167,752.5199,495.59808,７６３１３２５８,７ ６ ３ １ ３ ２ ５ ８
2769,0,0.522126,623.00903,435.71283,756.26953,491.3318,７５２１ＤＤ１９,７ ５ ２ １ Ｄ Ｄ １ ９
2770,0,0.5791108,627.76855,435.4759,758.7655,488.52954,７６２１ＤＤ２８,７ ６ ２ １ Ｄ Ｄ ２ ８
2771,0,0.6452902,630.7648,433.472,760.6986,486.58282,７５２１ＤＯＺ,７ ５ ２ １ Ｄ Ｏ Ｚ
2772,0,0.6284341,632.36926,428.87292,764.10693,483.16846,１３７２１３５１８,１ ３ ７ ２ １ ３ ５ １ ８
2773,0,0.54873866,632.8093,427.35876,764.6045,481.84033,１３７２－３３５８,１ ３ ７ ２ － ３ ３ ５ ８
2774,0,0.5980738,632.3632,427.27386,763.6794,481.60968,７５２００２８,７ ５ ２ ０ ０ ２ ８
2775,0,0.5790348,632.5425,428.3474,763.09204,481.8576,１．ＴＹＡ－２３５１７７１０００,１ ． Ｔ Ｙ Ａ － ２ ３ ５ １ ７ ７ １ ０ ０ ０
2776,0,0.61934584,631.3435,428.92853,761.71533,482.93555,７５２００,７ ５ ２ ０ ０
2777,0,0.6269779,631.77924,428.95117,760.9986,482.10083,１．１７４－３５６１８,１ ． １ ７ ４ － ３ ５ ６ １ ８
2778,0,0.64274263,631.876,428.59686,761.04785,481.31256,１．１７Ａ－３３８Ｇ,１ ． １ ７ Ａ － ３ ３ ８ Ｇ
2779,0,0.65364075,632.2272,427.79013,761.58875,480.9938,１．１ＴＡ．３３ＳＥ,１ ． １ Ｔ Ａ ． ３ ３ Ｓ Ｅ
2780,0,0.613725,632.2274,429.2031,763.2328,483.12766,ＴＡ－３３３９８,Ｔ Ａ － ３ ３ ３ ９ ８
2780,0,0.3526853,177.04875,450.9229,214.04817,475.72406,#,#
2781,0,0.55807436,632.3301,434.96667,761.5978,487.4901,７８７０,７ ８ ７ ０
2781,0,0.26680273,373.31274,390.97922,405.432,412.85233,WELCOME,W ع ل C O M ع
2782,0,0.5109367,628.4397,436.50262,759.2212,490.54962,７５２－００６０,７ ５ ２ － ０ ０ ６ ０
2782,0,0.27125603,170.73611,455.07904,215.63016,482.37775,МАГИЯ,М А Г И Я
2783,0,0.56535286,627.11066,435.34766,757.3826,489.84546,７８２０,７ ８ ２ ０
2784,0,0.5793493,627.8131,435.327,757.8082,487.90115,７５７０００２８,７ ５ ７ ０ ０ ０ ２ ８
2784,0,0.37878218,183.1049,450.9312,221.97935,476.4013,*** 25 00 14 06,* * *   ٢ ٥   ٠ ٠   ١ ٤   ٠ ٦
2785,0,0.58859354,627.32367,436.1065,756.4267,489.2486,７５７０００２８,７ ５ ７ ０ ０ ０ ２ ８
2785,0,0.25841188,188.70758,451.1125,230.64496,476.95135,- 3.26%,-   ٣ . ٢ ٦ %
2786,0,0.4801271,627.39514,436.5213,756.2706,489.46198,１．２７４．３３５８,１ ． ２ ７ ４ ． ３ ３ ５ ８
2787,0,0.5258886,627.46326,436.79376,755.8154,488.68,７６７－２３５８,７ ６ ７ － ２ ３ ５ ８
2787,0,0.46894687,184.99509,448.64743,233.4672,476.60934,ＨＡＩＲＤＲＡＩＶＥ,Ｈ Ａ Ｉ Ｒ Ｄ Ｒ Ａ Ｉ Ｖ Ｅ
2788,0,0.5894699,626.65686,433.17517,755.1102,487.79187,７５１－００２８,７ ５ １ － ０ ０ ２ ８
2789,0,0.70167494,630.111,431.05655,757.4765,482.7208,１５７１－００２８,１ ５ ７ １ － ０ ０ ２ ８
2789,0,0.42647743,188.5091,441.23843,237.13849,471.6091,ＨＯＴＥＬ,Ｈ Ｏ Ｔ Ｅ Ｌ
2790,0,0.6726684,632.5797,429.4165,759.09045,479.56226,７６７４－５５１３８,７ ６ ７ ４ － ５ ５ １ ３ ８
2790,0,0.2724202,200.065,437.448,241.2008,463.8064,ＨＯＴＥＬ,Ｈ Ｏ Ｔ Ｅ Ｌ
2791,0,0.632689,631.8335,425.3268,760.49817,477.41824,7.2A-5.8S-0.00V,٧ . ٢ ا - ٥ . ٨ س - ٠ . ٠ ٠ ى
2791,0,0.3941035,197.81656,432.28516,239.56033,459.0979,###,# # #
2792,0,0.60260886,630.8782,420.1411,760.2937,474.8275,１３４－５１８,１ ３ ４ － ５ １ ８
2792,0,0.27368397,203.20831,420.0346,247.70007,444.89264,1,١
2793,0,0.67273074,633.7046,418.29367,759.32556,469.39877,７５７０００２８,７ ５ ７ ０ ０ ０ ２ ８
2794,0,0.5879927,636.374,414.18146,762.646,464.90015,７６２７００４８,７ ６ ２ ７ ０ ０ ４ ８
2795,0,0.599821,635.54224,416.45667,761.21704,466.69116,7.3V 5.5E 76% 0.04,٧ . ٣ ى   ٥ . ٥ ع   ٧ ٦ %   ٠ . ٠ ٤
2795,0,0.29052588,212.79575,394.24094,259.3756,421.21634,GRANADA,ق ر ا ن ا د ا
2796,0,0.5884485,627.5166,415.44495,754.20654,467.50256,７６７８００４,７ ６ ７ ８ ０ ０ ４
2797,0,0.53553987,626.0477,413.19598,751.276,463.57318,７５７８００６,７ ５ ７ ８ ０ ０ ６
2798,0,0.68436086,629.5409,405.83234,751.098,454.9428,７５２００２８,７ ５ ２ ０ ０ ２ ８
2798,0,0.25571966,205.50731,373.18958,252.33745,402.32758,I,I
2799,0,0.6481832,630.0912,397.37875,751.2178,446.85654,７５７８００６８,７ ５ ７ ８ ０ ０ ６ ８
2800,0,0.6523595,627.73425,390.015,749.8154,440.52515,７５２８００２,７ ５ ２ ８ ０ ０ ２
2800,0,0.35140777,208.53171,350.80606,255.64468,378.48837,ＨＯＴＥＬ,Ｈ Ｏ Ｔ Ｅ Ｌ
2801,0,0.64516836,619.7588,384.94763,743.2937,435.33734,１３７１３３５６８,１ ３ ７ １ ３ ３ ５ ６ ８
2802,0,0.58316624,615.1763,385.67996,738.4822,435.47513,电话：１３７１４３５１９８,电 话 ： １ ３ ７ １ ４ ３ ５ １ ９ ８
2802,0,0.2590536,205.45618,338.7209,245.82233,364.77325,ＨＯＴＥＬ,Ｈ Ｏ Ｔ Ｅ Ｌ
2803,0,0.5371369,617.19366,390.25424,741.72186,440.94943,电话：７５７８００６８,电 话 ： ７ ５ ７ ８ ０ ０ ６ ８
2804,0,0.6779573,624.6577,393.19287,746.296,442.74518,１３７４３５６８,１ ３ ７ ４ ３ ５ ６ ８
2804,0,0.26426747,216.83759,354.34204,257.0345,379.42682,中国福利彩票,中 国 福 利 彩 票
2805,0,0.66128063,633.4167,400.1034,752.05927,445.07385,１２３５８５０６,１ ２ ３ ５ ８ ５ ０ ６
2805,0,0.46046516,225.69489,366.61227,266.7173,393.53122,#,#
2806,0,0.6584696,633.43195,400.1039,752.05365,445.05795,１３７５３８３０６５,１ ３ ７ ５ ３ ８ ３ ０ ６ ５
2806,0,0.45944655,225.67017,366.64282,266.7238,393.48303,ＨＯＴＥＬ,Ｈ Ｏ Ｔ Ｅ Ｌ
2807,0,0.6377538,653.81323,412.00436,774.96313,458.60294,１３７－２５８,１ ３ ７ － ２ ５ ８
2808,0,0.6390168,670.11426,415.28552,793.01196,463.89294,７７－２２１５,７ ７ － ２ ２ １ ５
2808,0,0.2596717,270.94415,398.19882,314.5728,424.08102,#,#
2809,0,0.630708,682.27484,412.56458,806.3963,458.90894,ＩＴＵＯＥＳＴＥＲＮ,Ｉ Ｔ Ｕ Ｏ Ｅ Ｓ Ｔ Ｅ Ｒ Ｎ
2810,0,0.6854759,692.9332,400.32254,814.4584,449.94003,１３７２３５３４８,１ ３ ７ ２ ３ ５ ３ ４ ８
2810,0,0.36019713,302.55853,382.77386,342.31946,407.677,#,#
2811,0,0.58586675,688.6193,384.40817,814.50934,436.9868,*********,* * * * * * * * *
2812,0,0.4233942,680.5719,381.15137,803.69324,427.33875,ＨＩＧＨＬＩＧＨＴ,Ｈ Ｉ Ｇ Ｈ Ｌ Ｉ Ｇ Ｈ Ｔ
2813,0,0.52021736,664.44403,394.74133,785.0219,443.26636,１５０３２５６,１ ５ ０ ３ ２ ５ ６
2813,0,0.361174,276.47357,364.86633,318.01617,390.7953,BAR,ب ا ر
2814,0,0.67868435,662.60925,401.1047,779.8085,446.85635,１３１１６２３３８,１ ３ １ １ ６ ２ ３ ３ ８
2814,0,0.44069114,274.6037,370.56006,317.26227,395.19342,DESIGNS,د ع س I ق ن س
2815,0,0.61161125,660.42883,397.62106,777.55896,442.8417,１３１１３３８５,１ ３ １ １ ３ ３ ８ ５
2815,0,0.44111407,272.32968,368.34924,314.91666,394.24756,DRINK,د ر I ن ك
2816,0,0.40017143,659.68854,380.60394,780.7878,428.8803,７１１－３２８,７ １ １ － ３ ２ ８
2816,0,0.36354163,271.60614,355.7353,313.81158,382.7339,ＰＬＡＹ,Ｐ Ｌ Ａ Ｙ
2817,0,0.49012643,282.0275,358.0404,319.94705,381.51788,PPR,P P ر
2817,0,0.31223163,662.87146,381.2697,782.57837,427.35468,１３１３５３８９６２８,１ ３ １ ３ ５ ３ ８ ９ ６ ２ ８
2818,0,0.42524323,281.5083,363.46573,323.20508,389.09464,ＰＥＴ,Ｐ Ｅ Ｔ
2818,0,0.32039493,663.29333,384.11597,782.3141,431.77478,１１７１２３２８,１ １ ７ １ ２ ３ ２ ８
2819,0,0.4069439,662.87964,381.44254,781.94946,427.51822,１３１２９８６８,１ ３ １ ２ ９ ８ ６ ８
2819,0,0.28388327,280.0409,360.5714,321.63153,385.48523,#,#
2820,0,0.62409824,661.17334,374.5511,780.40515,424.64508,７７１－２３５６,７ ７ １ － ２ ３ ５ ６
2820,0,0.34552002,278.58447,356.98883,319.9192,380.25922,#,#
2821,0,0.35553896,284.40353,362.00934,326.741,388.5738,#,#
2821,0,0.2906866,661.4214,380.79666,781.27124,428.5955,２７１３５８６,２ ７ １ ３ ５ ８ ６
2822,0,0.5521077,280.08075,372.49298,321.0583,397.75482,#,#
2822,0,0.2983044,654.94727,389.13382,774.1533,438.9045,６７０－０２５－８,６ ７ ０ － ０ ２ ５ － ８
2823,0,0.6748887,645.63635,397.06122,759.76794,443.9715,７６０１２５３５,７ ６ ０ １ ２ ５ ３ ５
2823,0,0.36205852,262.79828,376.63892,304.85022,402.93518,#,#
2824,0,0.6174563,636.6749,404.29785,749.8031,451.15845,７１１３２８,７ １ １ ３ ２ ８
2824,0,0.28552145,254.79117,383.53464,299.0303,408.50064,＃＃＃,＃ ＃ ＃
2825,0,0.46723154,627.5968,411.65857,745.3966,460.09802,５１７－８２８,５ １ ７ － ８ ２ ８
2825,0,0.28341994,259.00345,390.5513,292.9277,413.04556,#,#
2826,0,0.5956499,628.69904,412.8589,742.5335,459.28345,７５１．３３２６,７ ５ １ ． ３ ３ ２ ６
2826,0,0.2873243,247.82887,391.17065,291.29675,415.38623,ＰＩＥ,Ｐ Ｉ Ｅ
2827,0,0.6305365,628.9135,412.76813,742.5339,459.13458,７５７１００２８,７ ５ ７ １ ０ ０ ２ ８
2828,0,0.531188,625.3103,414.8971,740.9248,461.86627,１１４．３３２９,１ １ ４ ． ３ ３ ２ ９
2828,0,0.3990979,250.35141,394.59946,291.90256,421.82736,__________________,_ _ _ _ _ _ _ _ _ _ _ _ _ _ _ _ _ _
2829,0,0.47777972,614.2848,416.0177,732.2672,469.25793,１３７１．５３２,１ ３ ７ １ ． ５ ３ ２
2829,0,0.3564353,240.32347,396.74036,280.98315,423.24182,#,#
2830,0,0.449517,605.00867,423.50104,718.7106,472.42633,７１－５３上厅,７ １ － ５ ３ 上 厅
2830,0,0.4288117,224.88354,402.24896,269.15683,428.27765,巴蜀园,巴 蜀 园
2831,0,0.4702961,224.19476,402.94763,266.9137,429.14856,STOP,س ط O P
2831,0,0.36246946,601.63855,425.08215,716.12,474.1847,３７１．５３６,３ ７ １ ． ５ ３ ６
2832,0,0.4641541,602.02625,422.60706,714.68054,468.92096,８７１６２６,８ ７ １ ６ ２ ６
2832,0,0.43462744,223.14743,400.82297,266.34647,427.42593,ＢＵＬＬ,Ｂ Ｕ Ｌ Ｌ
2833,0,0.53552824,599.9774,420.1682,715.62415,469.26343,７７１．５３２上品,７ ７ １ ． ５ ３ ２ 上 品
2834,0,0.56128764,599.0802,420.8712,710.8324,467.9136,７１１３２２１,７ １ １ ３ ２ ２ １
2834,0,0.4357791,221.58493,400.5404,266.2781,427.52893,#＃＃＃,# ＃ ＃ ＃
2835,0,0.43168756,598.63367,422.13348,710.3446,469.32,７６２８０４２,７ ６ ２ ８ ０ ４ ２
2835,0,0.40398633,228.9664,403.31952,268.65265,428.03107,***,* * *
2836,0,0.5709529,599.2876,423.1506,712.33765,472.3929,７６７８０２６,７ ６ ７ ８ ０ ２ ６
2837,0,0.64139277,597.5687,427.2975,709.8827,475.28632,７６７－８Ｄ２,７ ６ ７ － ８ Ｄ ２
2837,0,0.45141816,222.1352,407.81696,268.73602,438.16998,#,#
2838,0,0.6598098,595.476,430.61096,705.3774,476.20068,１３７１５２５１,１ ３ ７ １ ５ ２ ５ １
2839,0,0.679835,596.42975,430.33093,706.4981,477.79626,１３７４２３６２,１ ３ ７ ４ ２ ３ ６ ２
2839,0,0.25540587,225.0834,418.08743,266.7883,442.17288,ＨＯＴＥＬ,Ｈ Ｏ Ｔ Ｅ Ｌ
2840,0,0.62482446,598.1278,427.5312,709.3303,476.26593,１３７４２３６８００４,１ ３ ７ ４ ２ ３ ６ ８ ０ ０ ４
2841,0,0.50303406,598.4899,422.9792,711.27936,471.09918,７６７０,７ ６ ７ ０
2841,0,0.3298175,232.23914,413.94287,270.46536,440.22748,#,#
2842,0,0.52484894,599.3562,420.253,713.4646,469.03632,７５７－５３２４,７ ５ ７ － ５ ３ ２ ４
2843,0,0.5463094,598.1659,419.94513,711.6339,469.34003,７５７８０４,７ ５ ７ ８ ０ ４
2844,0,0.5488489,598.5625,422.20404,709.17004,469.01233,７５７８６０２８,７ ５ ７ ８ ６ ０ ２ ８
2845,0,0.60024995,598.435,422.86676,708.4499,469.89105,７６７０６２１,７ ６ ７ ０ ６ ２ １
2846,0,0.5276635,599.57874,422.3423,710.94385,468.5564,７５７８００２,７ ５ ７ ８ ０ ０ ２
2847,0,0.4740821,600.8989,423.36703,711.7206,468.56143,７５７８００,７ ５ ７ ８ ０ ０
2848,0,0.5670045,599.2705,426.35944,710.2501,474.87506,７５７８３９２,７ ５ ７ ８ ３ ９ ２
2849,0,0.5588765,595.5697,433.09064,703.37146,480.26685,７６７８３２５１,７ ６ ７ ８ ３ ２ ５ １
2849,0,0.26595065,238.06802,418.57886,272.2863,442.5902,＃＃＃,＃ ＃ ＃
2850,0,0.60325277,596.9042,437.77625,704.4762,483.81738,７５７８００２,７ ５ ７ ８ ０ ０ ２
2851,0,0.6627679,595.42554,435.57788,703.80615,484.38098,７６７１３２８０,７ ６ ７ １ ３ ２ ８ ０
2852,0,0.48483673,593.2047,439.93732,701.05286,483.56732,７６７８０２５,７ ６ ７ ８ ０ ２ ５
2852,0,0.27522588,0.011898041,293.8095,28.601364,324.17145,"I'm sorry, but the image you provided is blurry and does not contain any discernible text. I am unable to extract or provide any text from this image. If you have another image with clearer text that you would like me to transcribe, please feel free to upload it, and I'll be happy to assist you.","I ' m   s o r r y ,   b u t   t h e   i m a g e   y o u   p r o v i d e d   i s   b l u r r y   a n d   d o e s   n o t   c o n t a i n   a n y   d i s c e r n i b l e   t e x t .   I   a m   u n a b l e   t o   e x t r a c t   o r   p r o v i d e   a n y   t e x t   f r o m   t h i s   i m a g e .   I f   y o u   h a v e   a n o t h e r   i m a g e   w i t h   c l e a r e r   t e x t   t h a t   y o u   w o u l d   l i k e   m e   t o   t r a n s c r i b e ,   p l e a s e   f e e l   f r e e   t o   u p l o a d   i t ,   a n d   I ' l l   b e   h a p p y   t o   a s s i s t   y o u ."
2853,0,0.6598625,584.4746,446.0387,691.53345,491.51343,７８１－２２５,７ ８ １ － ２ ２ ５
2854,0,0.6701103,572.82983,454.67065,680.48804,501.23718,８７１８２８０,８ ７ １ ８ ２ ８ ０
2855,0,0.40780082,561.47363,472.9159,669.41724,519.7706,电话：５７８３２９６０２９,电 话 ： ５ ７ ８ ３ ２ ９ ６ ０ ２ ９
2856,0,0.45306572,556.5709,481.3182,662.8932,523.4259,１３７６００２８,１ ３ ７ ６ ０ ０ ２ ８
2857,0,0.55247295,558.0255,475.3965,666.76575,521.4143,８７１－８３２８,８ ７ １ － ８ ３ ２ ８
2858,0,0.6553416,567.9767,466.29382,675.3368,512.29846,１３７８８０３８,１ ３ ７ ８ ８ ０ ３ ８
2859,0,0.69722176,577.26624,459.74316,682.5365,505.90796,１３７８６２５８,１ ３ ７ ８ ６ ２ ５ ８
2860,0,0.66249204,585.32886,456.86304,691.24207,502.09558,６３１２２１５８０４８,６ ３ １ ２ ２ １ ５ ８ ０ ４ ８
2862,0,0.6138005,552.06824,448.54932,658.6305,493.6383,１３２１－８３５８,１ ３ ２ １ － ８ ３ ５ ８
2863,0,0.54071313,553.0855,440.33844,660.51605,486.02734,SAT 3 1 7 6 7 8 0 0 2,س ا ط   ٣   ١   ٧   ٦   ٧   ٨   ٠   ٠   ٢
2864,0,0.62269264,549.5978,439.8192,655.09436,484.8966,6578,٦ ٥ ٧ ٨
2865,0,0.63035387,548.5436,440.57324,653.0375,484.30493,１３７４－９２５６０２８,１ ３ ７ ４ － ９ ２ ５ ６ ０ ２ ８
2866,0,0.5779488,549.73425,438.78745,655.0156,482.87167,２７４－３２５－０２８,２ ７ ４ － ３ ２ ５ － ０ ２ ８
2867,0,0.584434,552.885,432.77655,659.0807,477.65753,７３８６４８,７ ３ ８ ６ ４ ８
2868,0,0.60972315,556.8074,429.44473,662.80273,474.061,ＨＯＴＥＬ,Ｈ Ｏ Ｔ Ｅ Ｌ
2869,0,0.5809498,564.46576,423.33228,672.0297,471.5271,７５０３８２,７ ５ ０ ３ ８ ２
2870,0,0.64246184,579.6864,423.27258,682.04114,467.39154,１３７３８５２６,１ ３ ７ ３ ８ ５ ２ ６
2871,0,0.6251903,589.58496,422.9095,695.833,468.29327,ＭＡＴＩＥＲＧＥ,Ｍ Ａ Ｔ Ｉ Ｅ Ｒ Ｇ Ｅ
2872,0,0.60039246,597.55835,420.7621,704.3484,467.7495,８７３８３８,８ ７ ３ ８ ３ ８
2873,0,0.5758326,604.8816,421.9298,712.61597,467.80176,７３０３２５８,７ ３ ０ ３ ２ ５ ８
2874,0,0.6619877,612.1391,423.16113,716.9777,468.08752,７３０３１２５,７ ３ ０ ３ １ ２ ５
2875,0,0.61882365,614.42615,423.26025,719.5404,468.3272,７３７３６２８,７ ３ ７ ３ ６ ２ ８
2876,0,0.5971299,618.2091,423.7483,725.41956,470.25464,,
2877,0,0.5173075,616.9303,425.22217,726.2616,472.84668,,
2878,0,0.5627609,619.80066,426.31198,728.4536,473.42667,,
2879,0,0.6507872,622.5176,426.7828,729.24634,474.05026,,
